date,DayStress,year,NCTL,DayStress_norm,NCTL_norm,CTBI
2021-04-01,37.30940320975475,2021,0.0,0.6848606672222783,0.0,0.10272910008334175
2021-04-02,38.30343856735811,2021,0.0,0.7269336528114104,0.0,0.1809504179800508
2021-04-03,38.91263436970094,2021,0.0,0.7527181342354172,0.0,0.23957301272134812
2021-04-04,39.23323802343415,2021,0.0,0.7662878254945511,0.0,0.28264428272912634
2021-04-05,39.910378005004745,2021,0.0,0.7949480743162161,0.0,0.31709320905782085
2021-04-06,39.380990915480325,2021,0.0,0.772541531914813,0.0,0.3378464761276965
2021-04-07,38.45806305084847,2021,0.0,0.7334782023748204,0.0,0.3465142636456106
2021-04-08,38.91873829777679,2021,0.0,0.7529764856874135,0.0,0.3555064574050394
2021-04-09,38.351923854547145,2021,0.0,0.7289858140082793,0.0,0.35820239228476947
2021-04-10,38.701539738928034,2021,0.0,0.7437834607446625,0.0,0.362309193711038
2021-04-11,39.419023139936975,2021,0.0,0.7741512626142775,0.0,0.36973912498986816
2021-04-12,39.68308033290758,2021,0.0,0.7853275999443143,0.0,0.3766165274845549
2021-04-13,38.30923633345152,2021,0.0,0.7271790458222642,0.0,0.372708426112528
2021-04-14,37.5451213303283,2021,0.0,0.6948375407953666,0.0,0.3651215293980746
2021-04-15,38.84132297176202,2021,0.0,0.7496998478184643,0.0,0.36804004775142185
2021-04-16,38.60395944820954,2021,0.0,0.7396533318374966,0.0,0.36857603320161975
2021-04-17,39.27627578551701,2021,0.0,0.7681094177850571,0.0,0.37321963590889234
2021-04-18,39.7842750170456,2021,0.0,0.789610709649487,0.0,0.37969535158364764
2021-04-19,39.75103402041933,2021,0.0,0.7882037697842922,0.0,0.3840173115761972
2021-04-20,37.47702185386186,2021,0.0,0.6919552003734847,0.0,0.37260539815936067
2021-04-21,38.19559726582882,2021,0.0,0.7223692220892537,0.0,0.3691791620249405
2021-04-22,39.81790588824178,2021,0.0,0.7910341511280662,0.0,0.37708053608666825
2021-04-23,39.71228740281219,2021,0.0,0.7865638020791761,0.0,0.38194094557254415
2021-04-24,40.43348111214178,2021,0.0,0.8170886443873547,0.0,0.3899219585588841
2021-04-25,40.275400926811365,2021,0.0,0.8103978307171356,0.0,0.3945050455987892
2021-04-26,40.8196031634128,2021,0.0,0.8334314307626198,0.0,0.40116824653354544
2021-04-27,40.79821176796655,2021,0.0,0.8325260305014949,0.0,0.405696677148706
2021-04-28,40.21089556418234,2021,0.0,0.8076676127509899,0.0,0.4051378159167427
2021-04-29,40.37153872689608,2021,0.0,0.8144669055710594,0.0,0.40576650697737876
2021-04-30,41.0515242272039,2021,0.0,0.8432475922301805,0.0,0.41052369371869224
2021-05-01,40.41548664163776,2021,0.0,0.8163270204748766,0.0,0.40981563867431603
2021-05-02,40.50601877394156,2021,0.0,0.8201588329638757,0.0,0.40989477201660257
2021-05-03,40.45098889201536,2021,0.0,0.8178296689039222,0.0,0.4096007907472101
2021-05-04,40.32156682270736,2021,0.0,0.8123518226530206,0.0,0.4085733269210001
2021-05-05,40.70357612127746,2021,0.0,0.8285205349535617,0.0,0.4102794090877343
2021-05-06,41.1710085591127,2021,0.0,0.8483048193560309,0.0,0.41444130926481865
2021-05-07,42.181928361108525,2021,0.9787688098769678,0.8910924465121567,0.05468030938579856,0.4319748298700663
2021-05-08,42.00283509796369,2021,2.0046758398201163,0.8835122450416875,0.11199406237043699,0.4517083270208651
2021-05-09,42.57912010003847,2021,1.7164744212007932,0.9079037623072131,0.09589328088199588,0.46676538539298695
2021-05-10,41.18857439719636,2021,0.0,0.849048301211985,0.0,0.4540930149568886
2021-05-11,40.64935752426227,2021,0.0,0.8262257088858223,0.0,0.4417989668026953
2021-05-12,40.22550839160449,2021,0.0,0.8082861071263118,0.0,0.43050219283083346
2021-05-13,39.57332291222443,2021,0.30608998964839884,0.7806820686325949,0.0171001519102087,0.421018868063004
2021-05-14,41.47109512684174,2021,0.0,0.8610061158873701,0.0,0.42386412502720827
2021-05-15,42.35615011935729,2021,4.445370995292272,0.8984664593860914,0.24834696294397796,0.4687269008685562
2021-05-16,41.838006966207786,2021,0.0,0.8765358215583522,0.0,0.4595892038417421
2021-05-17,35.417217461030866,2021,0.0,0.6047730696040585,0.0,0.4124284031298282
2021-05-18,21.12857580428001,2021,0.0,0.0,0.0,0.2886998821908797
2021-05-19,30.486225317936675,2021,0.0,0.39606664906312333,0.0,0.2614999148930843
2021-05-20,39.620029087778434,2021,0.0,0.782658928143654,0.0,0.3004487796467071
2021-05-21,38.01410704114853,2021,0.0,0.7146875681630266,0.0,0.31751728097714893
2021-05-22,38.7557501561364,2021,0.07299097020201373,0.7460779405984652,0.0040777441952992025,0.3347854494030689
2021-05-23,39.325186689707685,2021,0.727379955015337,0.7701795934095211,0.04063611404440485,0.3559721707002371
2021-05-24,40.26611315817076,2021,1.3657052967333243,0.8100047218068918,0.07629706566210359,0.38212578761051524
2021-05-25,40.681682830206015,2021,0.4305686410805407,0.8275938917384066,0.02405432852837462,0.3952352843673778
2021-05-26,39.07438902394623,2021,0.20919384630941806,0.7595644714255202,0.011686911272992078,0.3923524064619413
2021-05-27,39.83257988084184,2021,0.0,0.7916552343465604,0.0,0.39339496967534293
2021-05-28,40.129884650323575,2021,0.8220163332089641,0.8042387900383252,0.045923109692978324,0.40290076373243555
2021-05-29,40.61256909027437,2021,0.7172709515678832,0.8246686221673463,0.040071360212334574,0.41174153196965696
2021-05-30,40.62959064133418,2021,0.0,0.8253890668345971,0.0,0.41202743240394946
2021-05-31,39.04733493524279,2021,0.0,0.758419395170998,0.0,0.4021821119584143
2021-06-01,38.98489710616053,2021,0.0,0.7557766864754762,0.0,0.39489398134221143
2021-06-02,40.336978326701306,2021,0.0,0.8130041213670296,0.0,0.39837640514460243
2021-06-03,40.10995707773456,2021,0.743108803726372,0.8033953467262228,0.041514828512134894,0.4056000098869753
2021-06-04,40.79973037756949,2021,0.0,0.8325903063237292,0.0,0.40880855286944207
2021-06-05,39.844670911976806,2021,1.398642889566176,0.7921669925801161,0.07813717105609361,0.41671161155404085
2021-06-06,40.396983318669285,2021,0.8497804195202647,0.8155438591570733,0.04747418979891955,0.4211508354312275
2021-06-07,40.565382754914985,2021,0.7328078421645827,0.8226714396804317,0.040939350667432574,0.4243472033540389
2021-06-08,40.991905861965535,2021,3.5377821990816116,0.840724218587246,0.197643226095108,0.45279815905018034
2021-06-09,40.16831110818488,2021,1.4577778230958387,0.8058652068407798,0.08144082808754013,0.4500546165743742
2021-06-10,39.426467543156285,2021,1.2950627292832024,0.7744663502688262,0.07235051832119951,0.44206076189056576
2021-06-11,40.20900781040231,2021,2.2168343022823436,0.8075877127384045,0.12384659613447077,0.4491576796543273
2021-06-12,41.31270306571501,2021,4.733516746242664,0.8543021019363122,0.2644446344790478,0.4822223862203331
2021-06-13,40.73728407682451,2021,3.7986098689941343,0.8299472390613406,0.21221473424215087,0.49387996634975684
2021-06-14,40.59889088936711,2021,3.767608954083201,0.8240896862721043,0.21048282411029273,0.5009018530021894
2021-06-15,40.20189158515392,2021,1.3643408163359396,0.8072865153614355,0.07622083702718292,0.48315739995982526
2021-06-16,39.33444800998695,2021,0.5083042911086153,0.7705715828811888,0.02839714099945815,0.4580554885539747
2021-06-17,35.59225052817127,2021,0.0,0.6121814214851978,0.0,0.4124660552105619
2021-06-18,32.320367598576055,2021,0.0,0.47369753125609876,0.0,0.35978086833580813
2021-06-19,32.46025011406435,2021,0.0,0.4796181205120988,0.0,0.3237893259118805
2021-06-20,32.366900549719176,2021,0.0,0.47566705896745154,0.0,0.29800258698343407
2021-06-21,36.29444357823736,2021,0.0,0.6419020524972064,0.0,0.3048871187629848
2021-06-22,36.20653605970756,2021,0.0,0.6381813279455184,0.0,0.3091481823259171
2021-06-23,36.47924793014176,2021,0.0,0.6497239783220875,0.0,0.3138623243764551
2021-06-24,34.44185223128529,2021,0.0,0.5634903054233495,0.0,0.304227172877021
2021-06-25,37.10506723564039,2021,0.0,0.6762120568599848,0.0,0.3143908295429124
2021-06-26,37.70969286225519,2021,0.0,0.7018031035775953,0.0,0.325344046216678
2021-06-27,38.658097869266825,2021,0.0,0.7419447644224032,0.0,0.33903254701503505
2021-06-28,34.39988918453896,2021,0.0,0.561714200934178,0.0,0.32157991305065126
2021-06-29,39.08669620718227,2021,0.0,0.7600853783922313,0.0,0.3391187458942906
2021-06-30,37.229132385675456,2021,0.24480258928925736,0.6814631691364372,0.013676244262895737,0.34165403413590334
2022-04-01,39.81175645935231,2022,0.0,0.7907738738340351,0.0,0.11861608107510525
2022-04-02,40.12933985389095,2022,0.0,0.8042157312886704,0.0,0.20366361644587422
2022-04-03,39.79907417126382,2022,0.0,0.7902370903887552,0.0,0.2611000950704252
2022-04-04,39.43040361390194,2022,0.0,0.7746329462017505,0.0,0.2989650084795602
2022-04-05,40.219292743747296,2022,0.0,0.808023027085222,0.0,0.33047895999847543
2022-04-06,39.28414241642422,2022,0.0,0.7684423764129997,0.0,0.3466016284608827
2022-04-07,39.58162646391328,2022,0.0,0.7810335201256143,0.0,0.35977616794146006
2022-04-08,40.57649088537627,2022,0.0,0.8231415962088139,0.0,0.3753145569903441
2022-04-09,39.40124188295407,2022,0.0,0.7733986630582594,0.0,0.37872998935197977
2022-04-10,38.94081071219324,2022,0.0,0.7539107103772672,0.0,0.3781975991029759
2022-04-11,38.52280106014913,2022,0.0,0.7362182672141059,0.0,0.375171059454199
2022-04-12,38.86722979298141,2022,0.0,0.750796365469961,0.0,0.3752391964384334
2022-04-13,39.26191742822737,2022,0.0,0.7675016939704968,0.0,0.37779269160247786
2022-04-14,38.93367041556744,2022,0.0,0.7536084941686167,0.0,0.377496158247027
2022-04-15,38.97791958337114,2022,0.0,0.7554813597413511,0.0,0.3775695147341215
2022-04-16,39.72896507266257,2022,0.0,0.7872696918223409,0.0,0.3823891140872361
2022-04-17,39.65917979701414,2022,0.0,0.7843159992054415,0.0,0.3853197797418815
2022-04-18,39.92843582879276,2022,0.0,0.7957123796844234,0.0,0.38908070277198054
2022-04-19,39.291978741852,2022,0.0,0.7687740523481392,0.0,0.38767259979260726
2022-04-20,37.71332734064256,2022,0.0,0.7019569344807379,0.0,0.37666436002693576
2022-04-21,40.13052811105418,2022,0.0,0.8042660247979733,0.0,0.38430495573855106
2022-04-22,39.936336925453936,2022,0.0,0.7960467970906268,0.0,0.3884204885805797
2022-04-23,40.15556991424796,2022,0.0,0.8053259301794458,0.0,0.39269323153332264
2022-04-24,40.54442576738306,2022,0.0,0.8217844259261643,0.0,0.39815292596225044
2022-04-25,39.87689388887465,2022,0.0,0.7935308443106326,0.0,0.39773667482017017
2022-04-26,40.333874929244885,2022,0.0,0.8128727686988749,0.0,0.4003465876789503
2022-04-27,41.53351095405292,2022,0.0,0.8636478933439801,0.0,0.4097897953768622
2022-04-28,42.08955625605272,2022,0.0,0.8871827563636886,0.0,0.4199302702183568
2022-04-29,41.79087884902692,2022,0.0,0.874541103181559,0.0,0.4251323546300836
2022-04-30,42.1832205277062,2022,1.2886274548005616,0.8911471380341702,0.0719910025743322,0.44206336933233387
2022-05-01,41.79782040144901,2022,0.4397362537689702,0.8748349074539996,0.024566490228945678,0.44435456818507546
2022-05-02,41.25641090863946,2022,0.0,0.8519195115230987,0.0,0.43883612445801756
2022-05-03,40.3322651064704,2022,0.0,0.8128046322388649,0.0,0.429105981956442
2022-05-04,41.63935177966008,2022,0.0,0.8681276530390962,0.0,0.4305933353253738
2022-05-05,41.03762390990644,2022,0.0,0.8426592551606117,0.0,0.4278142230018534
2022-05-06,41.64316927197278,2022,0.0,0.8682892300874681,0.0,0.42971334061441757
2022-05-07,40.81406050205333,2022,0.1901386930595521,0.8331968351723134,0.010622368078948688,0.42737221891778154
2022-05-08,41.81692795090757,2022,0.0520701274365436,0.8756436429248905,0.0029089716072440634,0.4309434454222672
2022-05-09,41.83181776907286,2022,0.0,0.8762738610557663,0.0,0.43310149095395195
2022-05-10,41.92488042736672,2022,0.3408555087253191,0.8802127791750615,0.019042376999423426,0.4380593170939391
2022-05-11,43.493317962105294,2022,2.0146036933896454,0.9465975906324832,0.11254869600734968,0.46551346496173224
2022-05-12,43.93740143860433,2022,0.6416253085080896,0.9653936199328524,0.035845308948280565,0.4760452648053825
2022-05-13,41.68326235983481,2022,0.0,0.869986187740876,0.0,0.46372961352489916
2022-05-14,42.505926049108254,2022,1.2971309370601531,0.9048057917708109,0.07246606168545117,0.4712015074858687
2022-05-15,42.15225162825983,2022,2.0156379840961023,0.8898363656857302,0.11260647812632732,0.4802074818119167
2022-05-16,41.03526168662533,2022,0.0,0.8425592730168134,0.0,0.4625291282208637
2022-05-17,40.31601720516223,2022,0.0,0.8121169326390836,0.0,0.44558792965046706
2022-05-18,41.41505939161188,2022,0.20250400196909624,0.8586343786420404,0.011313173619543954,0.4424036835945646
2022-05-19,43.175313392622456,2022,3.6929765630875053,0.9331379067622961,0.20631337961158674,0.48060027147227763
2022-05-20,41.94604617037371,2022,0.0,0.881108628597021,0.0,0.4685864843201475
2022-05-21,40.73903630891099,2022,0.07926236235296358,0.830021403058385,0.004428104422998645,0.45317796514631076
2022-05-22,39.7965222554176,2022,0.5002143596122366,0.7901290794233491,0.027945185488955616,0.43993571533926323
2022-05-23,39.44806082527711,2022,1.0788359858842966,0.7753802954726285,0.06027070426580265,0.4333026506982489
2022-05-24,40.60139112708066,2022,0.34782832097415195,0.8241955099377183,0.019431923056886364,0.42985597043796486
2022-05-25,41.628774083258286,2022,0.6554103928067718,0.8676799473665817,0.03661543225702801,0.4365434862501169
2022-05-26,40.657309860436,2022,0.7209196771269646,0.8265622950270275,0.040275201446772275,0.4356060648461518
2022-05-27,40.1312153912531,2022,0.41708605088672357,0.8042951142359732,0.02330110448232791,0.4290636782000514
2022-05-28,40.29810546738359,2022,0.7026342245184978,0.8113588104257511,0.039253658672012214,0.42793644510470047
2022-05-29,40.20524817339247,2022,0.8009482488306006,0.8074285844412814,0.04474611124314027,0.42738171592595353
2022-05-30,40.54963464381266,2022,0.6757548754668221,0.8220048939218767,0.03775200566938001,0.428130736086856
2022-05-31,40.826849620993656,2022,0.8004507747726493,0.8337381402805857,0.04471831914849475,0.4314599841751613
2022-06-01,41.78274405636726,2022,1.3306915579125658,0.8741967944889933,0.07434097342443484,0.44430265410962716
2022-06-02,41.31293386593652,2022,0.40665168483823066,0.854311870657635,0.02271817380654556,0.4425663645463661
2022-06-03,41.51070649496965,2022,1.4036913554181254,0.8626826845402491,0.07841921076958114,0.45096173947893076
2022-06-04,41.742051999114224,2022,1.3529532041399577,0.8724744851915386,0.07558465190179049,0.45788208819925086
2022-06-05,41.97833102233494,2022,0.5793727898931778,0.8824750992169264,0.03236748359917034,0.4577438491618901
2022-06-06,41.94120035638798,2022,1.3816833220951779,0.8809035273796147,0.07718970073725491,0.4641346786308535
2022-06-07,41.29462932185351,2022,3.032294051293313,0.8535371227439624,0.16940341294107744,0.47833535539435346
2022-06-08,41.19083501267384,2022,5.331810360633227,0.8491439827606129,0.2978691568057615,0.5068867197110035
2022-06-09,41.5014569031594,2022,5.340486168225546,0.8622911914812134,0.29835384311629,0.5289174589873279
2022-06-10,42.12623957408038,2022,7.918367347075112,0.8887353940027163,0.442370835685802,0.5699081557444072
2022-06-11,42.09805422040055,2022,1.4233834289401486,0.8875424364583738,0.07951933641903607,0.5439949749526966
2022-06-12,39.31264008111943,2022,0.326315060716901,0.7696485526590203,0.01823005422443802,0.4989782734994063
2022-06-13,37.84706373927496,2022,0.0,0.7076173866259912,0.0,0.4554273994434831
2022-06-14,39.02865569877618,2022,1.0395076945171127,0.7576287882366829,0.0580735734235941,0.44115453385947967
2022-06-15,38.83637206062925,2022,0.3873731547748207,0.749490298317887,0.021641151349625236,0.4244778911517626
2022-06-16,39.33248885292445,2022,0.7651328936814608,0.7704886606931328,0.04274523557101562,0.41911960824585603
2022-06-17,40.13688443442079,2022,2.205620551523083,0.8045350589921372,0.12322012402511874,0.4325470032246876
2022-06-18,38.44530787791787,2022,1.2910588126504408,0.732938334046404,0.0721268338330701,0.4235426774392024
2022-06-19,37.87170199705319,2022,0.17450072388194116,0.7086602117694991,0.009748730725399554,0.40424121558167647
2022-06-20,39.18217969675173,2022,0.0,0.7641267592645794,0.0,0.39758786479686037
2022-06-21,39.18056626441948,2022,1.5890406827017571,0.7640584700284426,0.08877401412870391,0.4062363779813742
2022-06-22,42.30058301052311,2022,3.669554660184481,0.8961145569599577,0.2050048817475176,0.4495333803930832
2022-06-23,40.51198547300432,2022,4.561690204082119,0.8204113761372769,0.254845300712771,0.47596186780266536
2022-06-24,42.36135308085363,2022,3.888956885775933,0.8986866770296411,0.21726209862468945,0.5005656238100153
2022-06-25,42.55156440151664,2022,10.417713336836961,0.9067374551955601,0.5820003483993423,0.5737066072062461
2022-06-26,42.55780545584739,2022,0.27185009783197245,0.9070016105768651,0.015187291734276234,0.5399229603910435
2022-06-27,37.25231718343866,2022,0.0510543890892734,0.6824444759427969,0.0028522259421561703,0.48074057755647337
2022-06-28,38.8025461893467,2022,0.0,0.7480586033745181,0.0,0.44872719479570905
2022-06-29,38.91232686940507,2022,2.2697321224869498,0.7527051191495676,0.12680180797350127,0.4460350754254567
2022-06-30,37.83309964509667,2022,0.0,0.7070263501717697,0.0,0.41827850532358507
2023-04-01,35.95935062124532,2023,0.0,0.6277190950775253,0.0,0.0941578642616288
2023-04-02,35.88963318063269,2023,0.0,0.62476827360848,0.0,0.15962574602441215
2023-04-03,35.881434570264155,2023,0.0,0.6244212638031968,0.0,0.205401211787568
2023-04-04,36.45523572070709,2023,0.0,0.6487076509512544,0.0,0.24108699589398574
2023-04-05,37.1997362337817,2023,0.0,0.6802189640228647,0.0,0.2707937417292197
2023-04-06,36.57774369719085,2023,0.0,0.6538928551693236,0.0,0.28763954748585235
2023-04-07,34.35368745534687,2023,0.0,0.559758692338208,0.0,0.2853114870908278
2023-04-08,38.48311642489016,2023,0.0,0.7345385974975418,0.0,0.3098988305882107
2023-04-09,38.76583271547664,2023,0.0,0.7465046893761408,0.0,0.3289048848181686
2023-04-10,39.09616371311568,2023,0.0,0.7604860947627854,0.0,0.3443063335871358
2023-04-11,39.49005196516329,2023,0.0,0.7771575890163531,0.0,0.357588071863448
2023-04-12,37.93689791386879,2023,0.0,0.7114196577466186,0.0,0.35702459896640637
2023-04-13,37.88297124675991,2023,0.0,0.7091371877411128,0.0,0.3562877974376514
2023-04-14,39.09684756158091,2023,0.0,0.7605150389511411,0.0,0.3634787140490271
2023-04-15,39.45638748428823,2023,0.0,0.7757327249932696,0.0,0.3707950085833094
2023-04-16,39.94438298019401,2023,0.0,0.796387349911549,0.0,0.37901460849504887
2023-04-17,40.69606214480668,2023,0.0,0.8282025025804133,0.0,0.3895406013335962
2023-04-18,39.66518442344844,2023,0.0,0.7845701476715962,0.0,0.3903639430842567
2023-04-19,39.2671540197226,2023,0.0,0.7677233350186041,0.0,0.38841326041177027
2023-04-20,37.377638191278805,2023,0.0,0.6877487429555782,0.0,0.37505159373157587
2023-04-21,38.04092001500122,2023,0.0,0.7158224391249871,0.0,0.3699094814808512
2023-04-22,37.947050246873296,2023,0.0,0.7118493597254542,0.0,0.36571404099541394
2023-04-23,37.38801412740297,2023,0.0,0.6881879090352218,0.0,0.35922801505207297
2023-04-24,38.384721570451546,2023,0.0,0.7303739918211182,0.0,0.3610157093096188
2023-04-25,38.41531926121064,2023,0.0,0.7316690525979017,0.0,0.36246135440641836
2023-04-26,38.14162058951578,2023,0.0,0.7200846354220921,0.0,0.36173564339780667
2023-04-27,38.07892824263399,2023,0.0,0.7174311541482813,0.0,0.36082962350070685
2023-04-28,37.978858863161406,2023,0.0,0.7131956734601351,0.0,0.35956008746951507
2023-04-29,34.01285664962603,2023,0.0,0.5453328779365968,0.0,0.3334919929191501
2023-04-30,34.35923148994103,2023,0.0,0.5599933460512792,0.0,0.3174433969510969
2023-05-01,34.85361040432806,2023,0.0,0.5809181519764179,0.0,0.3093481006622305
2023-05-02,37.00297551468447,2023,0.0,0.6718909796752616,0.0,0.3173273174148506
2023-05-03,38.66137317883332,2023,0.0,0.7420833933465528,0.0,0.33344163119237835
2023-05-04,38.89409559256668,2023,0.0,0.7519334723043865,0.0,0.3461991626803228
2023-05-05,40.24938907232927,2023,0.0,0.8092968674864007,0.0,0.36373394399918607
2023-05-06,40.12118770549533,2023,0.0,0.8038706880069141,0.0,0.37519436400046735
2023-05-07,40.30348945594535,2023,0.0,0.8115866901198067,0.0,0.38437405831829813
2023-05-08,40.975511343796384,2023,0.0,0.8400303133640612,0.0,0.3950663878274178
2023-05-09,41.95744199715195,2023,0.0,0.8815909619990975,0.0,0.4087851157790571
2023-05-10,41.786902021147085,2023,0.0,0.8743727821849276,0.0,0.41730549837307906
2023-05-11,42.015919751797554,2023,0.0,0.8840660587948705,0.0,0.4247237576803859
2023-05-12,42.23869554431681,2023,0.32131517094516227,0.8934951426162633,0.01795072828264802,0.4340235110111068
2023-05-13,42.93531907796602,2023,1.428656035391029,0.9229800413857983,0.07981389806535572,0.4542355486254479
2023-05-14,41.75486283507935,2023,0.35589264856811553,0.8730167094824783,0.019882448169023712,0.45189975768553886
2023-05-15,40.79857662880536,2023,1.808989244191622,0.8325414733976612,0.10106175283662099,0.45637031431501945
2023-05-16,41.16973937519871,2023,0.8183651217882542,0.848251100586256,0.045719129582350894,0.4535547545458046
2023-05-17,41.43533210316525,2023,0.46175163370757843,0.8594924301132619,0.025796410690387763,0.45028165430261063
2023-05-18,41.10009672431164,2023,0.9386193048507749,0.8453034446253804,0.05243730027643099,0.44985826974709914
2023-05-19,42.80043095171558,2023,1.3688695922578304,0.9172708418603783,0.0764738435247838,0.46396249163074377
2023-05-20,42.43367742724527,2023,2.6416309827158457,0.901747836937288,0.14757846588528956,0.4821726895649072
2023-05-21,41.94589702610035,2023,2.7921608305421017,0.8811023159997718,0.15598802958192134,0.49308443453268896
2023-05-22,41.85365626522293,2023,0.13986665675455612,0.8771981850516706,0.007813849386003397,0.4779109093385333
2023-05-23,41.18947578061912,2023,1.8087502070884653,0.8490864526635062,0.10104839868942771,0.4770578642399133
2023-05-24,41.62742214572735,2023,0.8333532980341332,0.8676227260134163,0.04655646533108257,0.47106738366961415
2023-05-25,40.59299195279596,2023,0.015154361783089598,0.8238400111760921,0.0008466199397463664,0.45345016323610565
2023-05-26,39.69269312676993,2023,0.0,0.7857344656906367,0.0,0.4352752841188694
2023-05-27,40.78178094993832,2023,2.306331183933132,0.8318305888707405,0.12884646651074938,0.44879425719043203
2023-05-28,39.812151143665886,2023,0.0,0.7907905790219445,0.0,0.4327745668865941
2023-05-29,38.502645389214194,2023,0.04755852500458957,0.7353651695387583,0.0026569245310443454,0.41364551093108626
2023-05-30,39.08176269797115,2023,0.0,0.7598765654356743,0.0,0.4035333424671115
2023-05-31,41.14383318091415,2023,0.7301411919031437,0.8471546094700532,0.040790374464014796,0.4156650873170882
2023-06-01,40.887734949427006,2023,0.5333058778432758,0.8363151387003824,0.029793890143884765,0.42088191544860176
2023-06-02,40.55703301618704,2023,3.9481265379252477,0.8223180333005814,0.22056769526112222,0.4510502000982768
2023-06-03,41.91364462296168,2023,3.510914623786178,0.8797372187906144,0.19614223085008664,0.4771170575148989
2023-06-04,39.89263631259283,2023,1.9470077368363405,0.7941971493481413,0.10877235191029133,0.46942736544919406
2023-06-05,42.05071144029752,2023,2.6084496240240327,0.8855386323785808,0.14572474216544853,0.4832886619960402
2023-06-06,41.762695541435065,2023,1.3351693444966273,0.873348232238794,0.07459113133027456,0.4804929679325884
2023-06-07,41.526150221286535,2023,0.7232033780970184,0.8633363470783098,0.040402783644250435,0.4719059471611958
2023-06-08,41.94138233356931,2023,2.854195740527075,0.8809112296441962,0.1594536979159224,0.4863889021468549
2023-06-09,41.72582910362747,2023,2.019757105134296,0.8717878439741941,0.11283659867215295,0.4881658978997504
2023-06-10,41.09625685139066,2023,1.6439792427659299,0.8451409203078774,0.0918432347977778,0.4822637517956735
2023-06-11,39.65845578721975,2023,0.0,0.7842853551710893,0.0,0.45522742953263484
2023-06-12,37.65912153543544,2023,0.0,0.6996626498319253,0.0,0.4236085981476332
2023-06-13,37.99589053784551,2023,0.0,0.7139165466142559,0.0,0.4036135006954816
2023-06-14,38.00738546613624,2023,0.0,0.714403074531623,0.0,0.3896899116665805
2023-06-15,34.244505478851885,2023,0.0,0.5551375169559339,0.0,0.3560535657099964
2023-06-16,32.90502121823268,2023,0.0,0.4984432539573051,0.0,0.3240039840905932
2023-06-17,35.190465266425186,2023,0.0,0.5951756828079285,0.0,0.3160791412846045
2023-06-18,34.72684432075738,2023,0.0,0.5755527214950326,0.0,0.307588307123478
2023-06-19,37.03056350369173,2023,1.3136350546733908,0.6730586534959735,0.07338808765126109,0.3272788261585198
2023-06-20,38.65804994112832,2023,0.5493389720636159,0.7419427358427705,0.03068960171901154,0.3449900289452311
2023-06-21,38.55417226923856,2023,1.196233589098938,0.7375460674958945,0.06682928807042422,0.3621493235966096
2023-06-22,39.26360995319028,2023,4.838140598213869,0.7675733308371628,0.2702895945321155,0.4091839653230185
2023-06-23,39.95295880314561,2023,5.712057607317831,0.7967503254060302,0.3191122091813534,0.4538081559142204
2023-06-24,36.32799213978242,2023,0.0,0.6433220101834444,0.0,0.41416401066747094
2023-06-25,35.838002773450484,2023,0.0,0.6225829938186589,0.0,0.3833022565400285
2023-06-26,34.27127607735519,2023,0.0,0.5562705943625139,0.0,0.351752168732397
2023-06-27,36.849802212311765,2023,0.0,0.6654078519936624,0.0,0.3460376959117273
2023-06-28,35.94022931325809,2023,0.0,0.626909777270831,0.0,0.3362628537288337
2023-06-29,33.714183814146594,2023,0.0,0.5326914182471864,0.0,0.3152877103472615
2023-06-30,34.3161965421554,2023,0.0,0.5581718728771466,0.0,0.30442717817465503
2024-04-01,36.86606224283285,2024,0.0,0.6660960649677378,0.0,0.09991440974516066
2024-04-02,35.737852433634735,2024,0.0,0.6183440864482271,0.0,0.1626916997888465
2024-04-03,36.075606074337614,2024,0.0,0.6326396584812285,0.0,0.20878013862437683
2024-04-04,35.78020953676186,2024,0.0,0.6201368695477756,0.0,0.23916662746923012
2024-04-05,35.211707337508045,2024,0.0,0.5960747628494144,0.0,0.25682785365587324
2024-04-06,36.16610201751416,2024,0.0,0.6364699392494315,0.0,0.275249988446526
2024-04-07,37.5406468518815,2024,0.0,0.6946481565186694,0.0,0.29687221539036857
2024-04-08,39.21207066537222,2024,0.0,0.7653919077146778,0.0,0.32261933693045963
2024-04-09,39.6079111773764,2024,0.0,0.7821460322332466,0.0,0.3431554406863087
2024-04-10,39.03512623316786,2024,0.0,0.7579026564629314,0.0,0.3538942069498558
2024-04-11,38.54728935316058,2024,0.0,0.7372547450326187,0.0,0.3583141566197918
2024-04-12,38.7007986612698,2024,0.0,0.743752094305434,0.0,0.36238272377966935
2024-04-13,38.477186884767214,2024,0.0,0.7342876270926816,0.0,0.3638110507096708
2024-04-14,39.606757134574494,2024,0.0,0.7820971868618999,0.0,0.3719823135260545
2024-04-15,39.386677004236965,2024,0.0,0.7727821981330585,0.0,0.3763049491881969
2024-04-16,39.9353158156615,2024,0.0,0.796003578167624,0.0,0.3828140011568814
2024-04-17,42.14202715439487,2024,0.12978248541956816,0.8894036103131101,0.007250482835156875,0.402467914782057
2024-04-18,40.112313984366985,2024,0.0,0.8034951038405168,0.0,0.4022518059235174
2024-04-19,38.71119338348987,2024,0.0,0.7441920555148848,0.0,0.39320507247369485
2024-04-20,36.48823269892552,2024,0.0,0.6501042626295515,0.0,0.37275919012601905
2024-04-21,37.84195276664289,2024,0.0,0.7074010624517546,0.0,0.3670415924559765
2024-04-22,38.00834189883038,2024,0.0,0.7144435559678713,0.0,0.36409564811436423
2024-04-23,39.517419460113,2024,0.0,0.7783159303286842,0.0,0.3716143432293576
2024-04-24,40.7584047385701,2024,0.0,0.8308411803989985,0.0,0.3847562173204001
2024-04-25,40.851361613506896,2024,0.057613787687067486,0.83477562119098,0.0032186760589689844,0.39502849671177237
2024-04-26,39.4005715052193,2024,0.0,0.7733702890245205,0.0,0.3925254910519187
2024-04-27,39.55575505193657,2024,0.0,0.7799385011859551,0.0,0.3917586189142363
2024-04-28,39.436499930003954,2024,0.0,0.7748909754735918,0.0,0.39046467956100417
2024-04-29,39.319221324953816,2024,0.0,0.769927106711333,0.0,0.3888143416994028
2024-04-30,38.94089876977559,2024,0.0,0.7539144374533364,0.0,0.3852572048075824
2024-05-01,38.17289148888634,2024,0.0,0.7214081900507211,0.0,0.3778912718729158
2024-05-02,38.82020990162906,2024,0.0,0.7488062277991646,0.0,0.3768448244809158
2024-05-03,40.05174036145737,2024,0.0,0.8009312984946967,0.0,0.3839310719108455
2024-05-04,40.50526336759468,2024,1.2677843403985207,0.8201268600565709,0.07082657239167196,0.4023947652048283
2024-05-05,38.39432770322869,2024,0.9932525752734946,0.7307805756340667,0.05548946550618307,0.39961684181441726
2024-05-06,40.79529927786524,2024,0.666806364043218,0.8324027580714715,0.037252084372085575,0.4101800156366256
2024-05-07,42.57916382452154,2024,1.5505479711687968,0.9079056129652725,0.08662356414043228,0.43630538751149356
2024-05-08,41.993660155702806,2024,2.7408319999770754,0.8831239115578022,0.15312047157702366,0.46085042872826937
2024-05-09,42.05275360624873,2024,2.3489084662016424,0.8856250679545173,0.13122510684312905,0.4751228263294355
2024-05-10,42.00659901407912,2024,1.699908684893451,0.8836715544538447,0.09496781250034313,0.479381883473733
2024-05-11,42.39173473868436,2024,1.1997666402307132,0.899972594117307,0.0670266669887263,0.480617207597518
2024-05-12,42.52212024180249,2024,3.3520541039449014,0.9054912181297836,0.18726726233203414,0.5003458173875353
2024-05-13,40.96712937567159,2024,0.0,0.839675542860753,0.0,0.47619340360038764
2024-05-14,39.93468110672243,2024,0.0,0.7959767138314187,0.0,0.4527318895949841
2024-05-15,41.228299091796735,2024,0.0,0.8507296664578691,0.0,0.4445217726851692
2024-05-16,41.239272625476126,2024,0.0,0.8511941261180043,0.0,0.43884435979731906
2024-05-17,43.01620490395753,2024,1.9001603386379102,0.9264035696992284,0.10615515548805157,0.4620748606362154
2024-05-18,42.99009079391377,2024,1.826378081255136,0.9252982784566784,0.10203320491079539,0.4775521249504718
2024-05-19,43.05096425152977,2024,2.79254607802023,0.9278747744388872,0.1560095519793267,0.4968691364280623
2024-05-20,42.57601198180645,2024,5.758562602104774,0.907772209830146,0.321710276750808,0.5322307684867866
2024-05-21,44.21688591749195,2024,5.72496405244771,0.9772229239537631,0.31983324606529473,0.5671199634436093
2024-05-22,44.75502740224145,2024,10.143153587238224,1.0,0.5666616781214925,0.6319832261287504
2024-05-23,44.46414034797796,2024,9.357280026816952,0.9876880769396369,0.5227577357519396,0.6689551301938617
2024-05-24,43.57213049259495,2024,12.630838629395043,0.9499333657979955,0.705639735438886,0.7166045563212354
2024-05-25,43.28894916271465,2024,12.91919480682921,0.9379475909258714,0.7217491627482712,0.7505777024759861
2024-05-26,42.886763310637896,2024,8.603888513617669,0.9209248970859104,0.48066844907396505,0.7356433936571715
2024-05-27,43.44717343424386,2024,5.839771018824152,0.9446445031080994,0.3262471002643245,0.7055841160658836
2024-05-28,42.497125842156166,2024,3.1866622961997635,0.904433319124396,0.17802741414100173,0.656277991235928
2024-05-29,41.43626483708093,2024,4.144021163980511,0.8595319084882438,0.2315116267101266,0.6230511241449052
2024-05-30,42.22230310085406,2024,2.463446256470391,0.8928013252059434,0.13762392313668068,0.5906995741528271
2024-05-31,41.80936352217312,2024,3.0814223770035696,0.8753234751373968,0.17214803661761327,0.5706104286702305
2024-06-01,41.41647047643605,2024,2.4407918105248996,0.8586941034305182,0.13635830034530974,0.5486851606355355
2024-06-02,42.23958966896448,2024,4.543822088986801,0.8935329868369224,0.2538470730907896,0.5561866214340315
2024-06-03,42.23636648024794,2024,6.159362351772408,0.8933965639507698,0.34410152388947773,0.5749553481798593
2024-06-04,42.33118059817783,2024,4.031193519873419,0.8974096133728029,0.22520835016025156,0.5708614382558597
2024-06-05,41.49932990953313,2024,4.0725648769042735,0.8622011655364603,0.22751961976685234,0.5630611245745987
2024-06-06,42.49589863678632,2024,6.302570595986062,0.9043813771150444,0.3521020558038364,0.5826153021400512
2024-06-07,43.23202093508738,2024,11.232568268042868,0.9355380785455957,0.6275233762004463,0.6422899297099421
2024-06-08,42.80367066245662,2024,7.848168639338958,0.9174079640485157,0.43844908519808606,0.6529815081839496
2024-06-09,42.70119732093409,2024,5.682892844987613,0.913070734604744,0.31748287832069794,0.6416700976675809
2024-06-10,41.913219242526445,2024,4.639813042510482,0.879719214375797,0.25920974401363245,0.620008412125721
2024-06-11,41.24096516536022,2024,2.0314490889261236,0.8512657636162159,0.11348978794894574,0.578719221222779
2024-06-12,40.94234630963459,2024,2.1222662601432134,0.8386265886437286,0.11856341817661689,0.548681955878997
2024-06-13,41.19284440465975,2024,3.8262768709152155,0.8492290311639918,0.2137603905907756,0.543525782378513
2024-06-14,40.60168307076607,2024,1.4881026244002769,0.8242078665831587,0.0831349661727106,0.5165694725783394
2024-06-15,40.78880413940671,2024,2.7210400923818767,0.8321278484672255,0.15201476855530943,0.5092200233582178
2024-06-16,41.99796035332588,2024,5.291608366597643,0.883305919321653,0.29562321532335145,0.5332933865475031
2024-06-17,42.67935094624655,2024,11.317552464835806,0.9121460771462611,0.6322711390292655,0.6049679530095812
2024-06-18,40.71410716970903,2024,4.323651471303059,0.8289662662301315,0.24154692889828852,0.5840545463759698
2024-06-19,39.03527602250509,2024,4.226635003312033,0.7579089963627935,0.23612696615352805,0.557943576840627
2024-06-20,41.49360797661905,2024,5.474653580624725,0.8619589821984185,0.30584929612362616,0.5657317455367455
2024-06-21,41.471732866908994,2024,5.689422489793522,0.8610331085174148,0.3178476661996776,0.5728443380832857
2024-06-22,42.46999749972121,2024,12.230317079996816,0.9032851000478886,0.6832640303533025,0.6389734062184786
2024-06-23,40.901359311694414,2024,10.15800568997377,0.8368917958514115,0.5674914119303491,0.6579388655201991
2024-06-24,38.78191959714185,2024,9.910694905858435,0.7471855737484092,0.553675043801934,0.6556862984966908
2024-06-25,38.45371055240509,2024,3.752154468515002,0.7332939809556481,0.20961943732912455,0.6004174216903995
2024-06-26,40.18105309501611,2024,2.533629338027268,0.8064045170617158,0.14154480064570263,0.5624845928393923
2024-06-27,36.384874674775695,2024,0.0,0.6457295886028032,0.0,0.4905986532779951
2024-06-28,34.66373891407026,2024,0.0,0.572881757282507,0.0,0.4293513208869726
2024-06-29,33.48174952194666,2024,0.0,0.5228535341605219,0.0,0.3789739547449591
2024-06-30,34.29675700555454,2024,0.0,0.5573490859038146,0.0,0.34888413120704354
2025-04-01,36.86345656742157,2025,0.0,0.6659857786049942,0.0,0.09989786679074912
2025-04-02,38.00667343180834,2025,0.0,0.7143729373641795,0.0,0.17708444735815132
2025-04-03,38.73716481382229,2025,0.0,0.7452913077756288,0.0,0.23575280931705023
2025-04-04,39.03718449910799,2025,0.0,0.7579897734780107,0.0,0.27872543254363674
2025-04-05,39.53349304531343,2025,0.0,0.7789962519222077,0.0,0.31195724056887686
2025-04-06,39.830556478647786,2025,0.0,0.7915695929549335,0.0,0.33710550734145384
2025-04-07,39.74672003844393,2025,0.0,0.7880211785916404,0.0,0.35417703192776373
2025-04-08,40.020203115280616,2025,0.0,0.7995964706198466,0.0,0.36786339294241155
2025-04-09,40.30973191839474,2025,0.0,0.8118509051003551,0.0,0.37928201082474133
2025-04-10,39.60924945927708,2025,0.0,0.7822026756058297,0.0,0.38282780891819335
2025-04-11,37.27133549048386,2025,0.0,0.6832494341891225,0.0,0.37046688137110373
2025-04-12,38.64500809394295,2025,0.0,0.7413907338998932,0.0,0.3705354270447566
2025-04-13,39.24600940383806,2025,0.0,0.7668283798114344,0.0,0.3743990559030448
2025-04-14,39.354964985062594,2025,0.0,0.7714399729138848,0.0,0.37779533506921403
2025-04-15,40.15607710413045,2025,0.0,0.8053473972152547,0.0,0.385258844130738
2025-04-16,41.01553449105568,2025,0.18525170154426007,0.8417243107505646,0.010349349358567178,0.39749223990788635
2025-04-17,40.07610849379372,2025,0.0,0.8019626904595591,0.0,0.3985389715044543
2025-04-18,40.343742439670415,2025,0.0,0.8132904154362454,0.0,0.40097084236855474
2025-04-19,38.72094337376358,2025,0.0,0.7446047281599193,0.0,0.39237029888197617
2025-04-20,38.4237078910172,2025,0.0,0.7320241050598332,0.0,0.38446282497635825
2025-04-21,40.38836858165863,2025,0.0,0.8151792366078541,0.0,0.39140086297462884
2025-04-22,39.0879305066483,2025,0.0,0.7601376206623373,0.0,0.3880012471815908
2025-04-23,40.0794520044242,2025,0.0,0.802104206023867,0.0,0.3919165039306936
2025-04-24,39.564020889204905,2025,0.0,0.780288356399467,0.0,0.3913848062114056
2025-04-25,39.532905549820576,2025,0.0,0.7789713859159682,0.0,0.39081507223537915
2025-04-26,40.54869385277208,2025,0.0,0.8219650745255244,0.0,0.396865311743594
2025-04-27,41.21326900430068,2025,0.0,0.8500935113656098,0.0,0.4053197449253573
2025-04-28,41.59357423084022,2025,0.0,0.8661900980647464,0.0,0.413652336157462
2025-04-29,41.109474990590165,2025,0.0,0.8457003838881233,0.0,0.4164116928934418
2025-04-30,41.344986029707385,2025,0.0,0.8556684926471018,0.0,0.4198384589224745
2025-05-01,41.12096061273381,2025,0.0,0.8461865179187044,0.0,0.42081489893353774
2025-05-02,41.344802222523285,2025,0.0,0.8556607129268445,0.0,0.42291953619250305
2025-05-03,40.0140798266882,2025,0.0,0.7993372997254352,0.0,0.4159442702935674
2025-05-04,38.5059524419994,2025,0.0,0.735505142008661,0.0,0.4014867605067963
2025-05-05,37.00328370183757,2025,0.0,0.6719040238326466,0.0,0.38182633592965437
2025-05-06,29.644376786965434,2025,0.0,0.36043503813413064,0.0,0.32134369087087766
2025-05-07,32.22962397792462,2025,0.0,0.46985676742936877,0.0,0.29541909872401967
2025-05-08,37.11375532198755,2025,0.0,0.6765797839522708,0.0,0.3082803366996544
2025-05-09,37.39804805608167,2025,0.0,0.6886125994986668,0.0,0.31908812561455807
2025-05-10,39.16010356620258,2025,0.36347638591902154,0.7631923772877676,0.020306124424809082,0.3408864631870771
2025-05-11,39.73923659127822,2025,0.6500375873356674,0.7877044383848141,0.03631527285016397,0.36222348091620066
2025-05-12,40.40356083746133,2025,0.7410440434754975,0.8158222555453235,0.04139947774882286,0.3821396966354624
2025-05-13,40.75107897364124,2025,1.1219935639012562,0.8305311141624973,0.06268176364417181,0.401479719315824
2025-05-14,41.27566161596842,2025,1.8131227098291447,0.8527343062140891,0.10129267476385702,0.42413985066776866
2025-05-15,41.8453135636672,2025,3.208642833436542,0.8768450765232425,0.17925538806543054,0.45531296515573905
2025-05-16,41.72782660605982,2025,1.2498187195511505,0.8718723891469666,0.06982289747239696,0.4599733686019218
2025-05-17,41.14566929042002,2025,1.94791446093501,0.8472323236159228,0.10882300733958422,0.4653896576646713
2025-05-18,42.231809836374815,2025,2.942155230953553,0.89320370198611,0.16436767974840596,0.4844084676254472
2025-05-19,42.65198048213838,2025,7.243497591892684,0.9109876101629865,0.4046682785179536,0.5364343106399541
2025-05-20,43.0214178225902,2025,5.808149380622162,0.9266242087829714,0.32448051254440324,0.563169725647074
2025-05-21,42.37585286928724,2025,12.968708051543807,0.899300386979842,0.7245152904715577,0.6377911595706617
2025-05-22,43.82069470810797,2025,10.920751749483252,0.9604539560136869,0.6101033036211151,0.6820374006446834
2025-05-23,43.293156083255816,2025,17.899840378942173,0.9381256506960287,1.0,0.7681450280556827
2025-05-24,42.915273673011065,2025,2.9684037712306193,0.9221316107667591,0.1658340917231153,0.700896375012459
2025-05-25,43.25799628100247,2025,8.261729302970096,0.936637496535106,0.4615532389154377,0.7003560728263029
2025-05-26,42.843511887814856,2025,15.52957516830827,0.9190942615101996,0.8675817683032334,0.7582506554504269
2025-05-27,39.65533747312829,2025,3.791183795261773,0.7841533711497677,0.21179986608829304,0.6801684444010078
2025-05-28,40.84287651115092,2025,1.279960692833086,0.8344164854857813,0.07150682161048007,0.6120064071451445
2025-05-29,39.60765532366991,2025,0.0,0.7821352031121054,0.0,0.545724765468417
2025-05-30,39.57948589046267,2025,0.0,0.7809429194087976,0.0,0.4991487737392115
2025-05-31,38.58551021469157,2025,0.0,0.738872459879578,0.0,0.4602350105993847
2025-06-01,38.267837448305336,2025,0.0,0.7254268197220166,0.0,0.43097853037787176
2025-06-02,37.986058145960456,2025,0.0,0.7135003862846233,0.0,0.40871002920720373
2025-06-03,38.16724689286867,2025,0.0,0.7211692800309804,0.0,0.39427241244968964
2025-06-04,39.082253656785184,2025,1.1364352610711634,0.7598973454843413,0.06348856956334062,0.399498575971935
2025-06-05,41.38399320571833,2025,1.7880337539758955,0.8573194886017509,0.09989104461955894,0.42323058316355094
2025-06-06,41.60849050034538,2025,1.7384301742371662,0.8668214357602662,0.0971198702018762,0.440852604108807
2025-06-07,41.140065413630886,2025,1.9354018178773273,0.8469951370555163,0.10812397076759317,0.4518646890496313
2025-06-08,41.117985526573456,2025,4.864638327254504,0.8460605960828324,0.2717699277909421,0.483979860915808
2025-06-09,40.805218778618666,2025,3.180899792332802,0.832822605322435,0.17770548367989322,0.49036511599141486
2025-06-10,40.83575991321191,2025,3.050310957026923,0.8341152723345172,0.1704099529633452,0.4939343649886697
2025-06-11,40.87354768428801,2025,3.3473498483458357,0.8357146564366719,0.18700445241309208,0.4991619218195334
2025-06-12,41.15367051642761,2025,4.385735931681403,0.8475709790409416,0.24501536543537528,0.5133012969451209
2025-06-13,41.52370999638438,2025,4.6190480183169385,0.8632330634814465,0.2580496764513556,0.527503318851505
2025-06-14,42.41045562133182,2025,1.9761238814734128,0.9007649637446222,0.1103989666744836,0.5209269127589194
2025-06-15,39.9371124399271,2025,3.671427667908951,0.7960796210832584,0.20510951998365928,0.5148272100912813
2025-06-16,38.18711702893988,2025,0.0,0.7220102923170963,0.0,0.46868059091146136
2025-06-17,32.55833043262168,2025,0.0,0.4837694133184122,0.0,0.40064182563578477
2025-06-18,34.001850625281065,2025,0.0,0.5448670430946896,0.0,0.36217933440925276
2025-06-19,34.14420219532819,2025,0.0,0.5508921361755061,0.0,0.3361593545128029
2025-06-20,35.21385107221012,2025,0.0,0.5961654973675956,0.0,0.32473637276410133
2025-06-21,32.897361366914694,2025,0.0,0.49811904736681356,0.0,0.302033318039893
2025-06-22,33.63531021605999,2025,0.0,0.5293530583686591,0.0,0.2908262813832239
2025-06-23,32.661268489772084,2025,0.0,0.4881263120564049,0.0,0.27679734377671744
2025-06-24,35.34984313169584,2025,0.0,0.6019214213548209,0.0,0.28404635384692534
2025-06-25,35.487944802721614,2025,0.7389832223815986,0.6077666355823221,0.04128434705210876,0.29619009508801236
2025-06-26,35.807126422989526,2025,0.0,0.6212761386469063,0.0,0.30052448735864457
2025-06-27,32.02639464406851,2025,0.0,0.46125499610482323,0.0,0.27955539056677464
2025-06-28,31.51618954501733,2025,0.0,0.439660339923139,0.0,0.2616378243852131
2025-06-29,31.576362159291254,2025,0.0,0.44220717240132273,0.0,0.24947755292984755
2025-06-30,33.24821022389837,2025,0.0,0.51296888021323,0.0,0.2515796190828778
2026-04-01,36.26273450445855,2026,0.0,0.6405599519432007,0.0,0.0960839927914801
2026-04-02,35.476258160638324,2026,0.0,0.6072719932940024,0.0,0.1583495939481364
2026-04-03,32.19216358490743,2026,0.0,0.46827123974816515,0.0,0.18108540172592025
2026-04-04,33.96202301118605,2026,0.0,0.5431813217357339,0.0,0.20823697946850422
2026-04-05,34.26033334875322,2026,0.0,0.5558074385408877,0.0,0.2291370014090861
2026-04-06,34.91442445959695,2026,0.0,0.5834921337280466,0.0,0.24791972104556725
2026-04-07,33.326359431409095,2026,0.0,0.5162765799406605,0.0,0.2509852917229961
2026-04-08,34.772214130564016,2026,0.0,0.5774730187355438,0.0,0.2623106570164288
2026-04-09,37.27905583282696,2026,0.0,0.6835762010889719,0.0,0.28615389007484593
2026-04-10,36.590748673262055,2026,0.0,0.6544432965260075,0.0,0.2984742175312933
2026-04-11,38.80252121936088,2026,0.0,0.7480575465088386,0.0,0.32114058424823105
2026-04-12,39.52534900589604,2026,0.0,0.7786515518565367,0.0,0.3415961417522422
2026-04-13,39.92542537757294,2026,0.0,0.7955849610067885,0.0,0.3584550433775878
2026-04-14,39.16546779174255,2026,0.0,0.7634194205031962,0.0,0.36543144343979084
2026-04-15,40.04696884265413,2026,0.0,0.8007293418537066,0.0,0.3759114116859095
2026-04-16,39.73155531884791,2026,0.0,0.7873793251362815,0.0,0.3812448869505789
2026-04-17,39.01930878363854,2026,0.0,0.7572331759248264,0.0,0.38045639725412916
2026-04-18,39.56663412979438,2026,0.0,0.7803989629617195,0.0,0.38337932252214835
2026-04-19,37.42881931273941,2026,0.0,0.6899150065287767,0.0,0.3718527767448203
2026-04-20,39.6103588562357,2026,0.0,0.7822496313221385,0.0,0.377634388419695
2026-04-21,38.23985277785053,2026,0.0,0.7242423561838177,0.0,0.3729804253213591
2026-04-22,38.0743337763955,2026,0.0,0.7172366913353004,0.0,0.3686718014252464
2026-04-23,39.4669161571651,2026,0.0,0.7761783557234373,0.0,0.3744970143561881
2026-04-24,40.4544467812846,2026,0.0,0.8179760255946383,0.0,0.38484431388852736
2026-04-25,42.49214157294488,2026,0.07050888835959057,0.9042223577284106,0.003939079168691304,0.4056152352565344
2026-04-26,42.59462830221179,2026,0.0,0.9085601538143768,0.0,0.42021468775173054
2026-04-27,41.46228628038949,2026,0.0,0.8606332775702946,0.0,0.4232452730617555
2026-04-28,41.06423413116831,2026,0.0,0.8437855445296071,0.0,0.4228395228226699
2026-04-29,40.45094780512728,2026,0.0,0.8178279298832355,0.0,0.4186618554583542
2026-04-30,39.69772404596328,2026,0.0,0.7859474015677185,0.0,0.4109554090560057
2026-05-01,40.80514135912495,2026,0.0,0.8328193285081663,0.0,0.4125916856154289
2026-05-02,40.56022469709224,2026,0.0,0.8224531226047015,0.0,0.41218214832150546
2026-05-03,39.39309827823784,2026,0.0,0.773053981391507,0.0,0.40448560103377984
2026-05-04,39.25098431096518,2026,0.0,0.7670389449530721,0.0,0.39819576246660665
2026-05-05,39.6723097940277,2026,0.03613505989046217,0.7848717321287337,0.0020187364314696557,0.3967706040106551
2026-05-06,41.21232179813625,2026,0.0,0.850053420446307,0.0,0.4052474358744046
2026-05-07,41.99315430231464,2026,0.0,0.8831025010897061,0.0,0.4161385802755391
2026-05-08,41.522670351276695,2026,0.0,0.8631890600430385,0.0,0.4207753651993331
2026-05-09,41.76018486882776,2026,0.0,0.8732419669116923,0.0,0.425529050676287
2026-05-10,42.34897702154236,2026,0.45806008353176253,0.8981628548526224,0.025590176997926532,0.4364332902509832
2026-05-11,43.33264541091248,2026,1.1198231534734404,0.9397970539320554,0.06256051058370492,0.4558569378530523
2026-05-12,42.94770288368874,2026,5.107207912538129,0.9235041914331032,0.28532142211426526,0.5004236985292418
2026-05-13,42.69272079830044,2026,2.214816232451099,0.9127119620400825,0.12373385379775036,0.5057634613461442
2026-05-14,42.55999438163898,2026,1.3551488604680628,0.9070942578278718,0.07570731536032548,0.5014546589205305
2026-05-15,40.40148945861093,2026,0.0,0.8157345835205251,0.0,0.4733784487724501
2026-05-16,41.43301770114049,2026,0.0,0.8593944720252621,0.0,0.4602740849445044
2026-05-17,42.0878601094446,2026,0.0,0.8871109662092895,0.0,0.45525850439254645
2026-05-18,41.44968298930093,2026,0.0,0.8600998377079309,0.0,0.44769592873097214
2026-05-19,41.51202699684683,2026,0.0,0.862738575365484,0.0,0.4427979364165031
2026-05-20,41.5862261275352,2026,0.0,0.865879086346607,0.0,0.4398404184435432
2026-05-21,41.66909493321057,2026,0.08770543429164235,0.8693865451510652,0.00489978862575899,0.43903124297700385
2026-05-22,42.39067599201986,2026,1.2979586897325035,0.8999277821970694,0.07251230526387571,0.45318788320304443
2026-05-23,42.52922224210187,2026,6.0780055579076375,0.9057918134295025,0.3395564110760428,0.5040337519179628
2026-05-24,42.10875160460986,2026,2.380322454919714,0.8879952079702089,0.13298009392977525,0.5059699216275716
2026-05-25,42.08528598288016,2026,1.7025848686696108,0.8870020151654239,0.09511732130709807,0.5014968456101784
2026-05-26,41.5208003972957,2026,0.9685903419752577,0.8631099134148096,0.05411167482335384,0.48863103016284937
2026-05-27,42.000713622438425,2026,1.4785256345126996,0.8834224526529969,0.08259993403360595,0.486945079116985
2026-05-28,41.78691375850762,2026,1.588958144831821,0.8743732789738969,0.08876940303339866,0.48533295768298373
2026-05-29,40.95181659475248,2026,1.4251261470391583,0.8390274226444937,0.07961669584024408,0.4775296881507992
2026-05-30,40.46192234982563,2026,1.3686038055556367,0.8182924323351948,0.07645899497325669,0.46848349580182713
2026-05-31,41.23461637081006,2026,3.5957401156912425,0.8509970480825337,0.20088112740498862,0.48572017338440726
2026-06-01,41.42881987824112,2026,0.47229484314179615,0.8592167973168122,0.026385422056467933,0.4728444542750771
2026-06-02,40.257963603246615,2026,1.5861806875298257,0.809659788294961,0.08861423643731756,0.46573222170239575
2026-06-03,42.51809441876144,2026,1.6886048369365838,0.905320823391312,0.0943363069831115,0.4759611247478405
2026-06-04,41.18943106870046,2026,4.752022586891499,0.849084560211799,0.2654784895446274,0.5003572447869523
2026-06-05,40.70479083643488,2026,6.114727174325871,0.8285719483091555,0.3416079163208289,0.5257770510453642
2026-06-06,41.83380255154428,2026,2.015928404089877,0.8763578678505738,0.11262270285166712,0.516391021337091
2026-06-07,41.59435350486248,2026,3.2065470454983753,0.8662230811819545,0.17913830389630953,0.5182779226977033
2026-06-08,41.528710537239554,2026,3.5194599148575207,0.8634447135819466,0.1966196256698413,0.5218041967761605
2026-06-09,41.39721020185368,2026,3.66926371695574,0.8578789038013015,0.20498862779091345,0.5246930674821446
2026-06-10,41.309780571024746,2026,2.291674650423076,0.8541784060576421,0.12802765845437705,0.5146160569143041
2026-06-11,40.84565893291628,2026,1.7743755458473771,0.8345342527160327,0.099128009428218,0.5002805791616505
2026-06-12,41.18899874895093,2026,3.9715038085372427,0.8490662620874388,0.22187369967887652,0.5108373996781026
2026-06-13,40.718593796348486,2026,2.281891407282764,0.8291561646844487,0.12748110368443502,0.5010817700300043
2026-06-14,39.747889237958255,2026,1.023216710050832,0.788070665477535,0.05716345444368153,0.47754235700918546
2026-06-15,38.963957005863776,2026,1.9446147667277813,0.7548903874808968,0.1086386652372317,0.4638090078141491
2026-06-16,38.98175540058552,2026,4.028963628390166,0.755643712399281,0.22508377410616134,0.4717754284457207
2026-06-17,38.97830988262067,2026,2.8895234065044235,0.7554978793294879,0.16142732813996108,0.4677815810324218
2026-06-18,39.26737488696983,2026,2.0327516388553235,0.7677326833224033,0.11356255675032187,0.459641392733604
2026-06-19,39.35356872868806,2026,0.0,0.7713808757460877,0.0,0.43745610627543596
2026-06-20,40.11169907568078,2026,0.902589667375679,0.8034690775587601,0.0504244534178924,0.43430330403930306
2026-06-21,40.42058046958015,2026,1.176677420144415,0.8165426189925494,0.06573675492261306,0.4363542189147865
2026-06-22,40.229108136210485,2026,0.0,0.8084384679068152,0.0,0.4267137234263728
2026-06-23,40.34378267756047,2026,0.8231164118590613,0.8132921185227155,0.045984567148844316,0.4275911092491949
2026-06-24,40.0127607496519,2026,0.6926075157959275,0.79928146920722,0.03869350235160357,0.42501002220825995
2026-06-25,39.89920178290132,2026,2.6228453198585626,0.7944750357790035,0.14652897815469598,0.4386576176358369
2026-06-26,41.055521393996685,2026,1.0303584067733311,0.8434167740802867,0.057562435472076665,0.4422072137779403
2026-06-27,41.63489350625424,2026,5.353967192097812,0.8679389546479155,0.29910697965755917,0.4846019397903794
2026-06-28,40.77946798716651,2026,4.688611878713537,0.8317326916997573,0.26193596029098337,0.5032716556518767
2026-06-29,39.95336419334816,2026,0.8274060268680046,0.7967674837254192,0.04622421258244214,0.47873891340249286
2026-06-30,38.181047880687935,2026,0.0,0.7217534129365096,0.0,0.4433802513222214
