date,year,DayStress_norm,NCTL_norm,CTBI_alpha_0.6,CTBI_alpha_0.7,CTBI_alpha_0.8
2021-04-01,2021,0.6848606672222783,0.0,0.13697213344445566,0.10272910008334177,0.06848606672222782
2021-04-02,2021,0.7269336528114104,0.0,0.2275700106289555,0.18095041798005082,0.12748221865892329
2021-04-03,2021,0.7527181342354172,0.0,0.28708563322445674,0.23957301272134818,0.17725758835068034
2021-04-04,2021,0.7662878254945511,0.0,0.3255089450335843,0.2826442827291264,0.21843485322999937
2021-04-05,2021,0.7949480743162161,0.0,0.3542949818833938,0.3170932090578209,0.2542426900156211
2021-04-06,2021,0.772541531914813,0.0,0.3670852955129989,0.3378464761276966,0.28064830520397815
2021-04-07,2021,0.7334782023748204,0.0,0.3669468177827634,0.34651426364561067,0.29786646440066455
2021-04-08,2021,0.7529764856874135,0.0,0.37076338780714074,0.3555064574050395,0.31359082008927297
2021-04-09,2021,0.7289858140082793,0.0,0.3682551954859403,0.3582023922847696,0.32377123747224634
2021-04-10,2021,0.7437834607446625,0.0,0.3697098094404967,0.3623091937110381,0.33339533605226335
2021-04-11,2021,0.7741512626142775,0.0,0.3766561381871535,0.36973912498986833,0.3441313951032384
2021-04-12,2021,0.7853275999443143,0.0,0.3830592029011549,0.376616527484555,0.35383787607702216
2021-04-13,2021,0.7271790458222642,0.0,0.37527133090514575,0.3727084261125281,0.35578820544384415
2021-04-14,2021,0.6948375407953666,0.0,0.36413030670216073,0.36512152939807463,0.354114318434612
2021-04-15,2021,0.7496998478184643,0.0,0.3684181535849893,0.36804004775142185,0.35826143952953604
2021-04-16,2021,0.7396533318374966,0.0,0.3689815585184929,0.3685760332016198,0.36057448480737847
2021-04-17,2021,0.7681094177850571,0.0,0.37501081866810715,0.3732196359088924,0.36527052962440854
2021-04-18,2021,0.789610709649487,0.0,0.38292863313076164,0.37969535158364776,0.3711774946644755
2021-04-19,2021,0.7882037697842922,0.0,0.3873979338353154,0.38401731157619723,0.3757623727100096
2021-04-20,2021,0.6919552003734847,0.0,0.3708298003758862,0.3726053981593608,0.3698054182053562
2021-04-21,2021,0.7223692220892537,0.0,0.36697172464338246,0.3691791620249406,0.3680812567732103
2021-04-22,2021,0.7910341511280662,0.0,0.37838986501164273,0.37708053608666836,0.37356842053137485
2021-04-23,2021,0.7865638020791761,0.0,0.38434667942282086,0.38194094557254427,0.3775111166330175
2021-04-24,2021,0.8170886443873547,0.0,0.39402573653116346,0.3899219585588842,0.3837177577451495
2021-04-25,2021,0.8103978307171356,0.0,0.3984950080621252,0.39450504559878924,0.38801398926783315
2021-04-26,2021,0.8334314307626198,0.0,0.40578329098979904,0.40116824653354544,0.3937543344905285
2021-04-27,2021,0.8325260305014949,0.0,0.4099751806941784,0.40569667714870605,0.3982560706425723
2021-04-28,2021,0.8076676127509899,0.0,0.407518630966705,0.4051378159167427,0.3993716177891568
2021-04-29,2021,0.8144669055710594,0.0,0.40740455969423484,0.4057665069773788,0.40094398478843135
2021-04-30,2021,0.8432475922301805,0.0,0.413092254262577,0.41052369371869224,0.4050799470537631
2021-05-01,2021,0.8163270204748766,0.0,0.41112075665252157,0.40981563867431603,0.4056966596904981
2021-05-02,2021,0.8201588329638757,0.0,0.4107042205842881,0.40989477201660257,0.4065732110487861
2021-05-03,2021,0.8178296689039222,0.0,0.4099884661313573,0.4096007907472101,0.4070415357294211
2021-05-04,2021,0.8123518226530206,0.0,0.4084634442094185,0.4085733269210001,0.40686841084883896
2021-05-05,2021,0.8285205349535617,0.0,0.4107821735163635,0.41027940908773436,0.4083467821744273
2021-05-06,2021,0.8483048193560309,0.0,0.41613026798102426,0.41444130926481865,0.41150790767514495
2021-05-07,2021,0.8910924465121567,0.0546803093857985,0.43883271196820556,0.4319748298700663,0.4237836017299115
2021-05-08,2021,0.8835122450416875,0.1119940623704369,0.46240088866334816,0.4517083270208651,0.4385775121251416
2021-05-09,2021,0.9079037623072131,0.0958932808819958,0.4781999418358507,0.46676538539298695,0.4512417140190342
2021-05-10,2021,0.849048301211985,0.0,0.45672962534390743,0.4540930149568886,0.4458982013364258
2021-05-11,2021,0.8262257088858223,0.0,0.43928291698350885,0.4417989668026953,0.4393411319577229
2021-05-12,2021,0.8082861071263118,0.0,0.4252269716153677,0.43050219283083346,0.4323015162788095
2021-05-13,2021,0.7806820686325949,0.0171001519102087,0.4146926270777814,0.421018868063004,0.42561943507732797
2021-05-14,2021,0.8610061158873701,0.0,0.42101679942414283,0.42386412502720827,0.4265961596505994
2021-05-15,2021,0.8984664593860914,0.2483469629439779,0.48197276412049955,0.4687269008685562,0.45595826995348643
2021-05-16,2021,0.8765358215583522,0.0,0.46449082278397014,0.4595892038417422,0.45242019811862433
2021-05-17,2021,0.6047730696040585,0.0,0.39964910759119376,0.4124284031298283,0.4224134654553053
2021-05-18,2021,0.0,0.0,0.23978946455471625,0.2886998821908798,0.33793077236424424
2021-05-19,2021,0.3960666490631233,0.0,0.2230870085454544,0.26149991489308433,0.30995128279770773
2021-05-20,2021,0.782658928143654,0.0,0.29038399075600346,0.30044877964670713,0.32622691905253154
2021-05-21,2021,0.7146875681630266,0.0,0.31716790808620743,0.317517280977149,0.3324502920583279
2021-05-22,2021,0.7460779405984652,0.0040777441952992,0.3403318818104773,0.3347854494030689,0.3409758021260388
2021-05-23,2021,0.7701795934095211,0.0406361140444048,0.36636227057707155,0.3559721707002371,0.3538622124462237
2021-05-24,2021,0.8100047218068918,0.0762970656621035,0.397077719840042,0.3821257876105153,0.3717199487038785
2021-05-25,2021,0.8275938917384066,0.0240543285283746,0.40857627595738144,0.39523528436737787,0.3825407809897809
2021-05-26,2021,0.7595644714255202,0.011686911272992,0.3993960421141313,0.3923524064619413,0.383157763061676
2021-05-27,2021,0.7916552343465604,0.0,0.39796867213779086,0.39339496967534293,0.3856917338839968
2021-05-28,2021,0.8042387900383252,0.0459231096929783,0.4088135832289352,0.40290076373243555,0.39356957708032786
2021-05-29,2021,0.8246686221673463,0.0400713602123345,0.41823614641329726,0.411741531969657,0.40132965990223035
2021-05-30,2021,0.8253890668345971,0.0,0.4160195012148977,0.41202743240394946,0.403602634605244
2021-05-31,2021,0.758419395170998,0.0,0.40129557976313823,0.40218211195841436,0.398724047201295
2021-06-01,2021,0.7557766864754762,0.0,0.3919326851529782,0.3948939813422115,0.39455690640858365
2021-06-02,2021,0.8130041213670296,0.0,0.39776043536519284,0.3983764051446025,0.39694593726356986
2021-06-03,2021,0.8033953467262228,0.0415148285121348,0.4076382962667872,0.40560000988697537,0.40204776733469166
2021-06-04,2021,0.8325903063237292,0.0,0.4111010390248182,0.4088085528694422,0.40489724450012626
2021-06-05,2021,0.7921669925801161,0.0781371710560936,0.42072145614213285,0.416711611554041,0.410948211963722
2021-06-06,2021,0.8155438591570733,0.0474741897989195,0.42503648347647827,0.4211508354312276,0.41506037446657684
2021-06-07,2021,0.8226714396804317,0.0409393506674325,0.4277440481554598,0.4243472033540389,0.4184093786080479
2021-06-08,2021,0.840724218587246,0.197643226095108,0.4643199178297467,0.4527981590501804,0.4385642473546737
2021-06-09,2021,0.8058652068407798,0.0814408280875401,0.45605315768351196,0.4500546165743743,0.43958200137657094
2021-06-10,2021,0.7744663502688262,0.0723505183211995,0.4429952683281123,0.44206076189056587,0.43634728796025934
2021-06-11,2021,0.8075877127384045,0.1238465961344707,0.45208402277144244,0.4491576796543274,0.44222126125549505
2021-06-12,2021,0.8543021019363122,0.2644446344790478,0.49499976094593745,0.4822223862203332,0.4656516826459321
2021-06-13,2021,0.8299472390613406,0.2122147342421508,0.5054322512282607,0.49387996634975695,0.47673754344709485
2021-06-14,2021,0.8240896862721043,0.2104828241102927,0.5101738528134359,0.5009018530021894,0.4848472857959156
2021-06-15,2021,0.8072865153614355,0.0762208370271829,0.48280578216578524,0.48315739995982526,0.47622856387559426
2021-06-16,2021,0.7705715828811888,0.0283971409994581,0.44947721407560054,0.4580554885539747,0.4608797234885401
2021-06-17,2021,0.6121814214851978,0.0,0.3921226127423999,0.41246605521056195,0.4299219209393519
2021-06-18,2021,0.4736975312560987,0.0,0.3300130738966597,0.35978086833580813,0.3913072898770914
2021-06-19,2021,0.4796181205120988,0.0,0.29393146844041557,0.32378932591188053,0.361007643952883
2021-06-20,2021,0.4756670589674515,0.0,0.2714922928577396,0.29800258698343407,0.33637282105905153
2021-06-21,2021,0.6419020524972064,0.0,0.29127578621408506,0.3048871187629848,0.3332884620969619
2021-06-22,2021,0.6381813279455184,0.0,0.3024017373175547,0.3091481823259171,0.3304489024721214
2021-06-23,2021,0.6497239783220875,0.0,0.31138583805495035,0.3138623243764551,0.3293315198099058
2021-06-24,2021,0.5634903054233495,0.0,0.29952956391764013,0.304227172877021,0.31981424639025957
2021-06-25,2021,0.6762120568599848,0.0,0.314960149722581,0.3143908295429124,0.3234726027982061
2021-06-26,2021,0.7018031035775953,0.0,0.32933671054906766,0.325344046216678,0.3289583925963244
2021-06-27,2021,0.7419447644224032,0.0,0.34599097921392125,0.33903254701503505,0.33736119051929986
2021-06-28,2021,0.561714200934178,0.0,0.31993742771518835,0.32157991305065126,0.3260603725088577
2021-06-29,2021,0.7600853783922313,0.0,0.3439795323075593,0.3391187458942906,0.3368568358463093
2021-06-30,2021,0.6814631691364372,0.0136762442628957,0.34541560206440214,0.34165403413590334,0.33899941001698075
2022-04-01,2022,0.7907738738340351,0.0,0.15815477476680703,0.11861608107510528,0.07907738738340349
2022-04-02,2022,0.8042157312886704,0.0,0.2557360111178183,0.20366361644587427,0.1436834830355898
2022-04-03,2022,0.7902370903887552,0.0,0.31148902474844203,0.2611000950704253,0.19397049546734735
2022-04-04,2022,0.7746329462017505,0.0,0.3418200040894153,0.2989650084795603,0.23263969099405293
2022-04-05,2022,0.808023027085222,0.0,0.3666966078706936,0.33047895999847554,0.26691405550376457
2022-04-06,2022,0.7684423764129997,0.0,0.37370644000501607,0.3466016284608828,0.29037548204431163
2022-04-07,2022,0.7810335201256143,0.0,0.3804305680281325,0.35977616794146017,0.3104037376480107
2022-04-08,2022,0.8231415962088139,0.0,0.3928866600586423,0.3753145569903442,0.3306371497392899
2022-04-09,2022,0.7733986630582594,0.0,0.39041172864683726,0.3787299893519799,0.3418495860972579
2022-04-10,2022,0.7539107103772672,0.0,0.38502917926355584,0.37819759910297596,0.348870739915533
2022-04-11,2022,0.7362182672141059,0.0,0.37826116100095464,0.37517105945419904,0.352718418653837
2022-04-12,2022,0.750796365469961,0.0,0.37711596969456496,0.3752391964384335,0.35725437147006567
2022-04-13,2022,0.7675016939704968,0.0,0.37976992061083836,0.37779269160247797,0.3625536665731022
2022-04-14,2022,0.7536084941686167,0.0,0.37858365120022636,0.3774961582470271,0.3654037826753434
2022-04-15,2022,0.7554813597413511,0.0,0.37824646266840606,0.37756951473412165,0.36787116211440984
2022-04-16,2022,0.7872696918223409,0.0,0.3844018159655118,0.3823891140872363,0.37302389887376197
2022-04-17,2022,0.7843159992054415,0.0,0.3875042894203954,0.38531977974188164,0.3768507190195537
2022-04-18,2022,0.7957123796844234,0.0,0.39164504958912194,0.38908070277198065,0.3810518131840853
2022-04-19,2022,0.7687740523481392,0.0,0.388741840223101,0.3876725997926073,0.3817188557820822
2022-04-20,2022,0.7019569344807379,0.0,0.3736364910300082,0.3766643600269358,0.3755707780737395
2022-04-21,2022,0.8042660247979733,0.0,0.3850350995775995,0.38430495573855106,0.38088322493878896
2022-04-22,2022,0.7960467970906268,0.0,0.39023041916468504,0.38842048858057976,0.38431125966009383
2022-04-23,2022,0.8053259301794458,0.0,0.39520343753470016,0.3926932315333227,0.3879816007460197
2022-04-24,2022,0.8217844259261643,0.0,0.40147894770605297,0.39815292596225055,0.39256372318943217
2022-04-25,2022,0.7935308443106326,0.0,0.3995935374857583,0.3977366748201703,0.393404062982609
2022-04-26,2022,0.8128727686988749,0.0,0.40233067623123,0.4003465876789504,0.3960105272559747
2022-04-27,2022,0.8636478933439801,0.0,0.41412798440753396,0.40978979537686233,0.40317321113917776
2022-04-28,2022,0.8871827563636886,0.0,0.42591334191725805,0.41993027021835694,0.4112568445477111
2022-04-29,2022,0.874541103181559,0.0,0.43045622578666665,0.4251323546300837,0.41645958595632476
2022-04-30,2022,0.8911471380341702,0.0719910025743322,0.45090136359370053,0.442063369332334,0.42948148282591003
2022-05-01,2022,0.8748349074539996,0.0245664902289456,0.45042109769280936,0.44435456818507557,0.43352532602902255
2022-05-02,2022,0.8519195115230987,0.0,0.44063656092030534,0.43883612445801773,0.4320122119755279
2022-05-03,2022,0.8128046322388649,0.0,0.42694286299995615,0.4291059819564421,0.4268902328043088
2022-05-04,2022,0.8681276530390962,0.0,0.4297912484077929,0.4305933353253739,0.4283249515473567
2022-05-05,2022,0.8426592551606117,0.0,0.4264066000767981,0.42781422300185346,0.42692588675394655
2022-05-06,2022,0.8682892300874681,0.0,0.42950180606357247,0.4297133406144176,0.42836963241190407
2022-05-07,2022,0.8331968351723134,0.0106223680789486,0.4264649242883959,0.4273722189177816,0.4270776262546494
2022-05-08,2022,0.8756436429248905,0.002908971607244,0.4315894774794644,0.4309434454222673,0.42951736245693295
2022-05-09,2022,0.8762738610557663,0.0,0.4342084586988319,0.4331014909539521,0.431241276071123
2022-05-10,2022,0.8802127791750615,0.0190423769994234,0.44037610645419606,0.43805931709393925,0.4349185364743469
2022-05-11,2022,0.9465975906324832,0.1125486960073496,0.4760549212004842,0.46551346496173235,0.4538494578434608
2022-05-12,2022,0.9653936199328524,0.0358453089482805,0.4858807384965171,0.47604526480538256,0.46320345916288197
2022-05-13,2022,0.869986187740876,0.0,0.46552568064608546,0.4637296135248992,0.4575613861043932
2022-05-14,2022,0.9048057917708108,0.0724660616854511,0.47476977907890366,0.4712015074858687,0.46377629422914074
2022-05-15,2022,0.8898363656857302,0.1126064781263273,0.4853504362097537,0.48020748181191675,0.47126531976451835
2022-05-16,2022,0.8425592730168134,0.0,0.45972211632921495,0.4625291282208638,0.461268183113296
2022-05-17,2022,0.8121169326390836,0.0,0.4382566563253457,0.44558792965046723,0.4502262397545451
2022-05-18,2022,0.8586343786420404,0.0113131736195439,0.4369435042475243,0.44240368359456467,0.4471757470297945
2022-05-19,2022,0.933137906762296,0.2063133796115867,0.49005635982329115,0.4806002714722777,0.4716857262612239
2022-05-20,2022,0.881108628597021,0.0,0.4702555416133789,0.46858648432014754,0.46545944386868127
2022-05-21,2022,0.830021403058385,0.0044281044229986,0.449043226464304,0.4531779651463108,0.45581250584308336
2022-05-22,2022,0.7901290794233491,0.0279451854889556,0.43304078886104336,0.4399357153392633,0.4464574311656972
2022-05-23,2022,0.7753802954726285,0.0602707042658026,0.42695467326431225,0.43330265069824897,0.44073104490640086
2022-05-24,2022,0.8241955099377183,0.0194319230568863,0.4248982905575083,0.429855970437965,0.4369475792245811
2022-05-25,2022,0.8676799473665817,0.036615432257028,0.43579805025922697,0.4365434862501169,0.4399876013420258
2022-05-26,2022,0.8265622950270275,0.0402752014467722,0.4348463294502961,0.4356060648461518,0.43867383072100063
2022-05-27,2022,0.8042951142359732,0.0233011044823279,0.42642704141383786,0.4290636782000514,0.4336986864486306
2022-05-28,2022,0.8113588104257511,0.0392536586720122,0.4259787186678554,0.42793644510470047,0.43202019606868075
2022-05-29,2022,0.8074285844412814,0.0447461112431402,0.4260221703375976,0.4273817159259536,0.43083362642338674
2022-05-30,2022,0.8220048939218767,0.03775200566938,0.42756468212080995,0.428130736086856,0.43064259109783504
2022-05-31,2022,0.8337381402805857,0.0447183191484947,0.43223010115830207,0.43145998417516124,0.4323597188211761
2022-06-01,2022,0.8741967944889933,0.0743409734244348,0.44904561427766687,0.4443026541096271,0.44074155184828373
2022-06-02,2022,0.854311870657635,0.0227181738065455,0.44483337745943624,0.44256636454636605,0.44029624592504507
2022-06-03,2022,0.8626826845402491,0.0784192107695811,0.4551204055376278,0.4509617394789308,0.4463471862710191
2022-06-04,2022,0.8724744851915386,0.0755846519017904,0.4626840707412425,0.45788208819925086,0.4518836627261482
2022-06-05,2022,0.8824750992169264,0.0323674835991703,0.4605789590079648,0.4577438491618901,0.4529911884625283
2022-06-06,2022,0.8809035273796147,0.0771897007372549,0.4679660210281528,0.4641346786308535,0.45820227358170956
2022-06-07,2022,0.8535371227439624,0.1694034129410774,0.48536771975389964,0.47833535539435346,0.46885587243387167
2022-06-08,2022,0.8491439827606129,0.2978691568057615,0.5206232597656146,0.5068867197110035,0.4897860119037348
2022-06-09,2022,0.8622911914812134,0.29835384311629,0.5445029627788694,0.528917458987328,0.5078933129827381
2022-06-10,2022,0.8887353940027163,0.442370835685802,0.5929230236050254,0.5699081557444075,0.5394252733550423
2022-06-11,2022,0.8875424364583738,0.079519336419036,0.5491661687384972,0.5439949749526967,0.5282463959717748
2022-06-12,2022,0.7696485526590203,0.018230054224438,0.48707542261979,0.4989782734994064,0.5013849774657657
2022-06-13,2022,0.7076173866259912,0.0,0.43376873089707224,0.45542739944348315,0.4718697206352117
2022-06-14,2022,0.7576287882366829,0.0580735734235941,0.4234017108702987,0.4411545338594797,0.4590660126741971
2022-06-15,2022,0.749490298317887,0.0216411513496252,0.4082673164556816,0.4244778911517626,0.44436595510610893
2022-06-16,2022,0.7704886606931328,0.0427452355710156,0.4076071691262386,0.41911960824585603,0.436816153711302
2022-06-17,2022,0.8045350589921372,0.1232201240251187,0.4301153380791944,0.43254700322468764,0.44222844127076716
2022-06-18,2022,0.732938334046404,0.0721268338330701,0.4190822364234114,0.42354267743920243,0.4342892698045611
2022-06-19,2022,0.7086602117694991,0.0097487307253995,0.3951311303530266,0.4042412155816765,0.41927231009313876
2022-06-20,2022,0.7641267592645794,0.0,0.38990403006473184,0.3975878647968605,0.411830524000969
2022-06-21,2022,0.7640584700284426,0.0887740141287039,0.40450891487026835,0.40623637798137424,0.41474766761648985
2022-06-22,2022,0.8961145569599577,0.2050048817475176,0.46292923666365604,0.44953338039308327,0.44191007796393944
2022-06-23,2022,0.8204113761372769,0.254845300712771,0.4928088773682032,0.47596186780266553,0.46105373005615635
2022-06-24,2022,0.8986866770296411,0.2172620986246894,0.5188750815517881,0.5005656238100155,0.4804378616103581
2022-06-25,2022,0.90673745519556,0.5820003483993423,0.6090726096500533,0.5737066072062462,0.5332240696477767
2022-06-26,2022,0.9070016105768652,0.0151872917342762,0.5498813462522602,0.5399229603910436,0.5187981459493355
2022-06-27,2022,0.6824444759427969,0.0028522259421561,0.4669881481283467,0.4807405775564734,0.48356818694796366
2022-06-28,2022,0.7480586033745181,0.0,0.42980460955191163,0.4487271947957091,0.46166040989582274
2022-06-29,2022,0.7527051191495676,0.1268018079735012,0.43378415115576074,0.4460350754254567,0.4572790206289651
2022-06-30,2022,0.7070263501717697,0.0,0.4016757607278104,0.4182785053235851,0.436525851520349
2023-04-01,2023,0.6277190950775253,0.0,0.12554381901550507,0.09415786426162881,0.06277190950775252
2023-04-02,2023,0.62476827360848,0.0,0.20027994613099903,0.15962574602441215,0.11269435496704999
2023-04-03,2023,0.6244212638031968,0.0,0.2450522204392388,0.20540121178756804,0.15259761035395966
2023-04-04,2023,0.6487076509512544,0.0,0.2767728624537942,0.2410869958939858,0.18694885337829314
2023-04-05,2023,0.6802189640228647,0.0,0.30210751027684946,0.2707937417292198,0.21758097910492097
2023-04-06,2023,0.6538928551693236,0.0,0.3120430771999744,0.2876395474858524,0.23945406880086914
2023-04-07,2023,0.559758692338208,0.0,0.29917758478762624,0.2853114870908279,0.2475391242745161
2023-04-08,2023,0.7345385974975418,0.0,0.32641427037208415,0.30989883058821077,0.27148515916936705
2023-04-09,2023,0.7465046893761408,0.0,0.34514950009847867,0.32890488481816865,0.2918385962731077
2023-04-10,2023,0.7604860947627854,0.0,0.3591869190116443,0.34430633358713586,0.3095194864947647
2023-04-11,2023,0.7771575890163531,0.0,0.37094366921025723,0.3575880718634481,0.325331348097447
2023-04-12,2023,0.7114196577466186,0.0,0.3648501330754781,0.3570245989664065,0.33140704425261946
2023-04-13,2023,0.7091371877411128,0.0,0.3607375173935094,0.3562877974376515,0.3360393541762069
2023-04-14,2023,0.7605150389511411,0.0,0.36854551822633386,0.3634787140490272,0.34488298723607963
2023-04-15,2023,0.7757327249932696,0.0,0.3762738559344543,0.3707950085833095,0.35347966228819067
2023-04-16,2023,0.796387349911549,0.0,0.38504178354298235,0.37901460849504903,0.3624224648217074
2023-04-17,2023,0.8282025025804133,0.0,0.3966655706418721,0.3895406013335963,0.37275822211540727
2023-04-18,2023,0.7845701476715962,0.0,0.3949133719194425,0.3903639430842568,0.37666359245948544
2023-04-19,2023,0.7677233350186041,0.0,0.3904926901553863,0.3884132604117704,0.3781032074694488
2023-04-20,2023,0.6877487429555782,0.0,0.3718453626843474,0.375051593731576,0.37125744027111685
2023-04-21,2023,0.7158224391249871,0.0,0.3662717054356059,0.36990948148085123,0.36858819612939214
2023-04-22,2023,0.7118493597254542,0.0,0.36213289520645436,0.365714040995414,0.3660554928760591
2023-04-23,2023,0.6881879090352218,0.0,0.35491731893091694,0.359228015052073,0.36166318520436946
2023-04-24,2023,0.7303739918211182,0.0,0.35902518972277375,0.36101570930961885,0.3623679473456074
2023-04-25,2023,0.7316690525979017,0.0,0.36174892435324457,0.36246135440641847,0.36306126313627607
2023-04-26,2023,0.7200846354220921,0.0,0.3610662816963652,0.3617356433978067,0.3624574740512301
2023-04-27,2023,0.7174311541482813,0.0,0.36012599984747534,0.3608296235007069,0.36170909465581214
2023-04-28,2023,0.7131956734601351,0.0,0.35871473460051223,0.3595600874695151,0.36068684307066323
2023-04-29,2023,0.5453328779365968,0.0,0.3242954163476267,0.3334919929191501,0.3430827622501903
2023-04-30,2023,0.5599933460512792,0.0,0.30657591901883186,0.3174433969510969,0.33046554440528014
2023-05-01,2023,0.5809181519764179,0.0,0.3001291818065827,0.3093481006622305,0.3224642507218659
2023-05-02,2023,0.6718909796752616,0.0,0.31445570501900194,0.3173273174148506,0.3251604985450189
2023-05-03,2023,0.7420833933465528,0.0,0.33709010168071174,0.33344163119237835,0.3343367381706704
2023-05-04,2023,0.7519334723043865,0.0,0.35264075546930435,0.3461991626803228,0.342662737766975
2023-05-05,2023,0.8092968674864007,0.0,0.3734438267788628,0.36373394399918607,0.35505987696222
2023-05-06,2023,0.8038706880069141,0.0,0.38484043366870047,0.37519436400046735,0.36443497037046746
2023-05-07,2023,0.8115866901198067,0.0,0.3932215982251816,0.3843740583182982,0.3727066453083546
2023-05-08,2023,0.8400303133640612,0.0,0.4039390216079212,0.3950663878274179,0.3821683475830898
2023-05-09,2023,0.8815909619990975,0.0,0.4186816053645722,0.40878511577905713,0.3938937742663816
2023-05-10,2023,0.8743727821849276,0.0,0.4260835196557289,0.4173054983730792,0.40255229763159806
2023-05-11,2023,0.8840660587948705,0.0,0.43246332355241146,0.42472375768038595,0.41044844398476554
2023-05-12,2023,0.8934951426162633,0.017950728282648,0.4417671683112291,0.4340235110111069,0.41950334227770353
2023-05-13,2023,0.9229800413857984,0.0798138980653557,0.46561908887696823,0.454235548625448,0.4358820677672782
2023-05-14,2023,0.8730167094824783,0.0198824481690237,0.45795128485648134,0.4518997576855389,0.43799556997897277
2023-05-15,2023,0.8325414733976612,0.1010617528366209,0.4614914161607452,0.45637031431501957,0.44375677860660645
2023-05-16,2023,0.848251100586256,0.0457191295823508,0.4556888957301685,0.4535547545458047,0.44440244590214584
2023-05-17,2023,0.8594924301132619,0.0257964106903877,0.450471105598831,0.4502816543026107,0.4440508408020817
2023-05-18,2023,0.8453034446253804,0.0524373002764309,0.4498308123396609,0.44985826974709914,0.4450147471318465
2023-05-19,2023,0.9172708418603784,0.0764738435247838,0.468647424480829,0.46396249163074377,0.4553862662439934
2023-05-20,2023,0.901747836937288,0.1475784658852895,0.4910537152530129,0.4821726895649073,0.4692416432774525
2023-05-21,2023,0.8811023159997718,0.1559880295819213,0.5020502982681463,0.4930844345326891,0.4791023491801313
2023-05-22,2023,0.8771981850516706,0.0078138493860033,0.4782325858484226,0.4779109093385334,0.4717830827878724
2023-05-23,2023,0.8490864526635062,0.1010483986894277,0.4769665217796404,0.4770578642399135,0.47243995136559136
2023-05-24,2023,0.8676227260134163,0.0465564653310825,0.46901575133668394,0.4710673836696142,0.46936988022692294
2023-05-25,2023,0.8238400111760921,0.0008466199397463,0.44634677702517805,0.45345016323610576,0.4579645672931222
2023-05-26,2023,0.7857344656906367,0.0,0.4249549593532342,0.4352752841188695,0.4449451004035614
2023-05-27,2023,0.8318305888707405,0.1288464665107493,0.4471083866882385,0.44879425719043214,0.4520237858609981
2023-05-28,2023,0.7907905790219445,0.0,0.42642314781733204,0.43277456688659416,0.44069808659099297
2023-05-29,2023,0.7353651695387583,0.0026569245310443,0.40345830750435974,0.41364551093108637,0.4263606786797746
2023-05-30,2023,0.7598765654356743,0.0,0.3940502975897507,0.4035333424671116,0.41707619948738717
2023-05-31,2023,0.8471546094700532,0.0407903744640147,0.414019175340664,0.4156650873170883,0.4224554579833165
2023-06-01,2023,0.8363151387003824,0.0297938901438847,0.4216333109732518,0.4208819154486019,0.42457526927107997
2023-06-02,2023,0.8223180333005814,0.2205676952611222,0.46155713229629175,0.4510502000982769,0.4439487882730343
2023-06-03,2023,0.8797372187906144,0.1961422308500866,0.4921101693059152,0.477117057514899,0.46274697558249756
2023-06-04,2023,0.7941971493481413,0.1087723519102913,0.47586000183523564,0.4694273654491942,0.4604945305918413
2023-06-05,2023,0.8855386323785808,0.1457247421654485,0.4917686760099472,0.4832886619960403,0.471521961927876
2023-06-06,2023,0.873348232238794,0.0745911313302745,0.484649078319782,0.4804929679325885,0.4720115058992076
2023-06-07,2023,0.8633363470783098,0.0404027836442504,0.4715372731363813,0.471905947161196,0.4679831177916221
2023-06-08,2023,0.8809112296441962,0.1594536979159224,0.4909953493938525,0.48638890214685504,0.4784229869893096
2023-06-09,2023,0.8717878439741941,0.1128365986721529,0.4915220981655809,0.48816589789975057,0.48120083385608237
2023-06-10,2023,0.8451409203078774,0.0918432347977778,0.4823100899204796,0.48226375179567366,0.4786590825954314
2023-06-11,2023,0.7842853551710893,0.0,0.4462431249865056,0.45522742953263495,0.4613558015934541
2023-06-12,2023,0.6996626498319253,0.0,0.4076784049582884,0.42360859814763324,0.4390509062579558
2023-06-13,2023,0.7139165466142559,0.0,0.3873903522978242,0.4036135006954817,0.4226323796677902
2023-06-14,2023,0.714403074531623,0.0,0.3753148262850191,0.3896899116665806,0.4095462111873945
2023-06-15,2023,0.5551375169559339,0.0,0.33621639916219825,0.3560535657099965,0.383150720645509
2023-06-16,2023,0.4984432539573051,0.0,0.30141849028878,0.32400398409059333,0.35636490191213765
2023-06-17,2023,0.5951756828079285,0.0,0.29988623073485365,0.3160791412846046,0.344609489810503
2023-06-18,2023,0.5755527214950326,0.0,0.2950422827399187,0.3075883071234781,0.33324286399790565
2023-06-19,2023,0.6730586534959735,0.073388087651261,0.32631471787339816,0.32727882615851983,0.3412389653130479
2023-06-20,2023,0.7419427358427705,0.0306896017190115,0.35031529823639523,0.3449900289452312,0.35025440600661656
2023-06-21,2023,0.7375460674958945,0.0668292880704242,0.37106425005510085,0.3621493235966096,0.3606410603619251
2023-06-22,2023,0.7675733308371628,0.2702895945321155,0.4302111351069162,0.40918396532301854,0.39229914082646794
2023-06-23,2023,0.7967503254060302,0.3191122091813534,0.48129918798162646,0.4538081559142205,0.42542556611991267
2023-06-24,2023,0.6433220101834444,0.0,0.41744391482566473,0.414164010667471,0.4046726539142746
2023-06-25,2023,0.6225829938186589,0.0,0.3749829476591306,0.38330225654002853,0.3859964225132856
2023-06-26,2023,0.5562705943625139,0.0,0.3362438874679811,0.351752168732397,0.36442419744687987
2023-06-27,2023,0.6654078519936624,0.0,0.33482790287952113,0.3460376959117273,0.35808014315687015
2023-06-28,2023,0.626909777270831,0.0,0.32627869718187885,0.33626285372883374,0.34915509225257924
2023-06-29,2023,0.5326914182471864,0.0,0.3023055019585646,0.31528771034726155,0.33259321562678207
2023-06-30,2023,0.5581718728771466,0.0,0.2930176757505681,0.3044271781746551,0.32189175978914036
2024-04-01,2024,0.6660960649677378,0.0,0.13321921299354755,0.09991440974516068,0.06660960649677376
2024-04-02,2024,0.6183440864482271,0.0,0.20360034508577396,0.16269169978884657,0.11512209384224172
2024-04-03,2024,0.6326396584812285,0.0,0.24868813874771006,0.2087801386243769,0.15536164092191623
2024-04-04,2024,0.6201368695477756,0.0,0.2732402571581811,0.23916662746923015,0.18630299969231054
2024-04-05,2024,0.5960747628494144,0.0,0.28315910686479157,0.25682785365587324,0.20864987603878987
2024-04-06,2024,0.6364699392494315,0.0,0.29718945196876123,0.27524998844652604,0.23056689475597505
2024-04-07,2024,0.6946481565186694,0.0,0.31724330248499066,0.2968722153903686,0.253918331456647
2024-04-08,2024,0.7653919077146778,0.0,0.34342436303393,0.32261933693045974,0.2796738559367854
2024-04-09,2024,0.7821460322332466,0.0,0.3624838242670073,0.3431554406863088,0.30195368797275296
2024-04-10,2024,0.7579026564629314,0.0,0.3690708258527907,0.35389420694985585,0.3173532160244955
2024-04-11,2024,0.7372547450326187,0.0,0.36889344451819817,0.3583141566197919,0.32760804732285825
2024-04-12,2024,0.743752094305434,0.0,0.37008648557200574,0.3623827237796694,0.33646164728883
2024-04-13,2024,0.7342876270926816,0.0,0.3689094167617398,0.3638110507096708,0.34259808054033214
2024-04-14,2024,0.7820971868618999,0.0,0.37776508742942383,0.3719823135260545,0.3522881831184557
2024-04-15,2024,0.7727821981330585,0.0,0.38121549208426597,0.3763049491881969,0.3591087663080704
2024-04-16,2024,0.796003578167624,0.0,0.3879300108840844,0.3828140011568814,0.36688737086321876
2024-04-17,2024,0.8894036103131101,0.0072504828351568,0.4120888251601041,0.40246791478205707,0.3831753060054017
2024-04-18,2024,0.8034951038405168,0.0,0.4079523158641658,0.40225180592351745,0.386889755188373
2024-04-19,2024,0.7441920555148848,0.0,0.39360980062147644,0.39320507247369496,0.38393100970218685
2024-04-20,2024,0.6501042626295515,0.0,0.36618673289879616,0.3727591901260192,0.37215523402470463
2024-04-21,2024,0.7074010624517546,0.0,0.3611922522296286,0.3670415924559766,0.3684642934649392
2024-04-22,2024,0.7144435559678713,0.0,0.3596040625313514,0.36409564811436435,0.3662157903687385
2024-04-23,2024,0.7783159303286842,0.0,0.37142562358454767,0.37161434322935766,0.3708042253278592
2024-04-24,2024,0.8308411803989985,0.0,0.3890236102305283,0.38475621732040016,0.3797274983021872
2024-04-25,2024,0.83477562119098,0.0032186760589689,0.40101302558830676,0.3950284967117725,0.38758142836674464
2024-04-26,2024,0.7733702890245205,0.0,0.39528187315788815,0.3925254910519188,0.3874021715958478
2024-04-27,2024,0.7799385011859551,0.0,0.3931568241319239,0.39175861891423647,0.38791558739527376
2024-04-28,2024,0.7748909754735918,0.0,0.39087228957387266,0.3904646795610043,0.3878215674635782
2024-04-29,2024,0.769927106711333,0.0,0.3885087950865902,0.388814341699403,0.38724996464199585
2024-04-30,2024,0.7539144374533364,0.0,0.3838881645426214,0.3852572048075825,0.3851914154589303
2024-05-01,2024,0.7214081900507211,0.0,0.3746145367357171,0.37789127187291593,0.38029395137221633
2024-05-02,2024,0.7488062277991646,0.0,0.37452996760126317,0.37684482448091583,0.3791157838776895
2024-05-03,2024,0.8009312984946967,0.0,0.3849042402596973,0.38393107191084563,0.3833857569516213
2024-05-04,2024,0.8201268600565709,0.0708265723916719,0.4091332306454669,0.40239476520482836,0.39580394880612135
2024-05-05,2024,0.7307805756340667,0.055489465506183,0.4027339466153301,0.3996168418144173,0.395270163158922
2024-05-06,2024,0.8324027580714715,0.0372520843720855,0.41557133645790945,0.4101800156366257,0.4031816147714932
2024-05-07,2024,0.9079056129652724,0.0866235641404322,0.4482486372958866,0.4363053875114937,0.42199820952776507
2024-05-08,2024,0.8831239115578022,0.1531204715770236,0.4761980590044971,0.4608504287282695,0.44122300593569463
2024-05-09,2024,0.8856250679545173,0.131225106843129,0.4890888703622275,0.4751228263294356,0.45466342222832035
2024-05-10,2024,0.8836715544538447,0.0949678125003431,0.4891811956081741,0.4793818834737331,0.461594674478075
2024-05-11,2024,0.899972594117307,0.0670266669887263,0.48690856958611106,0.48061720759751814,0.46597566569306337
2024-05-12,2024,0.9054912181297836,0.1872672623320341,0.5106968378440302,0.5003458173875354,0.4820563806006325
2024-05-13,2024,0.839675542860753,0.0,0.4743532112785687,0.4761934036003877,0.4696126587665813
2024-05-14,2024,0.7959767138314187,0.0,0.443807269533425,0.4527318895949842,0.45528779839640693
2024-05-15,2024,0.8507296664578691,0.0,0.4364302950116288,0.44452177268516935,0.44930320536291246
2024-05-16,2024,0.8511941261180043,0.0,0.4320970022305781,0.4388443597973192,0.4445619769021304
2024-05-17,2024,0.9264035696992284,0.1061551554880515,0.4657699463758029,0.4620748606362154,0.4589054540404323
2024-05-18,2024,0.9252982784566784,0.1020332049107953,0.48492826449897647,0.4775521249504718,0.4698575115690932
2024-05-19,2024,0.9278747744388872,0.1560095519793267,0.5077338239830287,0.4968691364280623,0.48427444189709595
2024-05-20,2024,0.907772209830146,0.321710276750808,0.550536791706008,0.5322307684867866,0.5103678021757722
2024-05-21,2024,0.9772229239537632,0.3198332460652947,0.5897333090274164,0.5671199634436094,0.5379998587425234
2024-05-22,2024,1.0,0.5666616781214925,0.6671723210407483,0.6319832261287504,0.587066054806168
2024-05-23,2024,0.9876880769396368,0.5227577357519396,0.7023925551627643,0.6689551301938618,0.6206974251140921
2024-05-24,2024,0.9499333657979956,0.705639735438886,0.752550153345035,0.7166045563212354,0.6621152502149618
2024-05-25,2024,0.9379475909258714,0.7217491627482712,0.7834694427418495,0.7505777024759862,0.6956618755393836
2024-05-26,2024,0.9209248970859104,0.480668449073965,0.7504003348770848,0.7356433936571717,0.6966888350474945
2024-05-27,2024,0.9446445031080994,0.3262471002643245,0.7044185216007357,0.7055841160658837,0.684440228375238
2024-05-28,2024,0.904433319124396,0.1780274141410017,0.6391432596135209,0.6562779912359282,0.6557982560267303
2024-05-29,2024,0.8595319084882438,0.2315116267101266,0.6016946628077866,0.6230511241449054,0.6337429583412213
2024-05-30,2024,0.8928013252059434,0.1376239231366806,0.5671018473531967,0.5906995741528274,0.6100368915072394
2024-05-31,2024,0.8753234751373968,0.1721480366176132,0.54975541076292,0.5706104286702307,0.5927766643812925
2024-06-01,2024,0.8586941034305182,0.1363583003453097,0.5288637272129175,0.5486851606355356,0.5737265718826168
2024-06-02,2024,0.8935329868369224,0.2538470730907896,0.5467942483132929,0.5561866214340317,0.5737192634988646
2024-06-03,2024,0.8933965639507698,0.3441015238894777,0.5755761665560253,0.5749553481798593,0.5827252195831164
2024-06-04,2024,0.8974096133728029,0.2252083501602515,0.569869292640226,0.5708614382558597,0.5784419720197986
2024-06-05,2024,0.8622011655364603,0.2275196197668523,0.5598657326447981,0.5630611245745987,0.5717256561461702
2024-06-06,2024,0.9043813771150444,0.3521020558038364,0.587216126170655,0.5826153021400512,0.5830288682088243
2024-06-07,2024,0.9355380785455956,0.6275233762004463,0.6649419666516013,0.6422899297099421,0.6227292400416636
2024-06-08,2024,0.9174079640485155,0.438449085198086,0.6701365898402811,0.6529815081839497,0.6337690969579911
2024-06-09,2024,0.913070734604744,0.3174828783206979,0.648192676489257,0.6416700976675811,0.630070638858937
2024-06-10,2024,0.879719214375797,0.2592097440136324,0.6167013975714402,0.6200084121257212,0.6179494069260926
2024-06-11,2024,0.8512657636162159,0.1134897879489457,0.5629719488558964,0.5787192212227791,0.5908350806973902
2024-06-12,2024,0.8386265886437286,0.1185634181766168,0.5292211706776069,0.5486819558789972,0.5683870652399468
2024-06-13,2024,0.8492290311639918,0.2137603905907756,0.5301305867575177,0.5435257823785132,0.5610085943674341
2024-06-14,2024,0.8242078665831587,0.0831349661727106,0.49954691860568445,0.5165694725783396,0.5395411587695342
2024-06-15,2024,0.8321278484672255,0.1520147685553094,0.4965566745679177,0.509220023358218,0.5300471887178809
2024-06-16,2024,0.883305919321653,0.2956232153233514,0.5337198316697515,0.5332933865475032,0.5419306644388052
2024-06-17,2024,0.9121460771462612,0.6322711390292655,0.6291153422369562,0.6049679530095813,0.5879862531685969
2024-06-18,2024,0.8289662662301315,0.2415469288982885,0.5915718443678577,0.5840545463759699,0.5774403220477196
2024-06-19,2024,0.7579089963627935,0.236126966153528,0.5537502991239789,0.5579435768406271,0.5613558538898078
2024-06-20,2024,0.8619589821984185,0.3058492961236261,0.5658118351387962,0.5657317455367457,0.5658655109440507
2024-06-21,2024,0.8610331085174148,0.3178476661996776,0.5752632560266961,0.5728443380832858,0.5705804862269498
2024-06-22,2024,0.9032851000478886,0.6832640303533025,0.662467779696256,0.6389734062184788,0.6151193020216789
2024-06-23,2024,0.8368917958514115,0.5674914119303491,0.6783573093741058,0.6579388655201992,0.6325337623955191
2024-06-24,2024,0.7471855737484092,0.553675043801934,0.667186509134532,0.6556862984966909,0.6361130716714496
2024-06-25,2024,0.7332939809556481,0.2096194373291245,0.5888945891376737,0.6004174216903995,0.603181799165637
2024-06-26,2024,0.8064045170617158,0.1415448006457026,0.5429266170240878,0.5624845928393923,0.5773403711032513
2024-06-27,2024,0.6457295886028032,0.0,0.4549018879350133,0.4905986532779951,0.5264452557428814
2024-06-28,2024,0.572881757282507,0.0,0.38751748421750937,0.4293513208869726,0.4784443803225558
2024-06-29,2024,0.5228535341605219,0.0,0.33708119736261,0.3789739547449591,0.43504085767409684
2024-06-30,2024,0.5573490859038146,0.0,0.31371853559832896,0.34888413120704354,0.40376759472965895
2025-04-01,2025,0.6659857786049942,0.0,0.13319715572099886,0.09989786679074915,0.0665985778604994
2025-04-02,2025,0.7143729373641795,0.0,0.2227928809054352,0.17708444735815132,0.12471615602481746
2025-04-03,2025,0.7452913077756288,0.0,0.2827339900983869,0.23575280931705025,0.17430205559741685
2025-04-04,2025,0.7579897734780107,0.0,0.3212383487546343,0.2787254325436368,0.21524062182573453
2025-04-05,2025,0.7789962519222077,0.0,0.3485422596372221,0.3119572405688769,0.2500921226528084
2025-04-06,2025,0.7915695929549335,0.0,0.3674392743733199,0.33710550734145384,0.27923065741774006
2025-04-07,2025,0.7880211785916404,0.0,0.37806780034232,0.35417703192776373,0.3021866437933561
2025-04-08,2025,0.7995964706198466,0.0,0.3867599743293613,0.3678633929424116,0.32170896209666955
2025-04-09,2025,0.8118509051003551,0.0,0.39442616561768784,0.3792820108247414,0.3385522601873711
2025-04-10,2025,0.7822026756058297,0.0,0.39309623449177866,0.3828278089181934,0.34906207571047987
2025-04-11,2025,0.6832494341891225,0.0,0.3725076275328917,0.3704668813711038,0.3475746039872961
2025-04-12,2025,0.7413907338998932,0.0,0.3717827232997136,0.3705354270447566,0.35219875657982624
2025-04-13,2025,0.7668283798114344,0.0,0.37643530994211505,0.3743990559030448,0.3584418432450044
2025-04-14,2025,0.7714399729138848,0.0,0.38014918054804603,0.37779533506921403,0.36389747188739197
2025-04-15,2025,0.8053473972152547,0.0,0.3891589877718785,0.385258844130738,0.37165271723143906
2025-04-16,2025,0.8417243107505646,0.0103493493585671,0.40391012468495346,0.3974922399078864,0.3825295397960644
2025-04-17,2025,0.8019626904595591,0.0,0.40273861290288393,0.39853897150445433,0.38621990088280744
2025-04-18,2025,0.8132904154362454,0.0,0.4043012508289794,0.40097084236855485,0.3903049622498705
2025-04-19,2025,0.7446047281599193,0.0,0.39150169612937147,0.3923702988819763,0.3867044426158883
2025-04-20,2025,0.7320241050598332,0.0,0.3813058386895895,0.3844628249763583,0.38256596459869396
2025-04-21,2025,0.8151792366078541,0.0,0.3918193505353245,0.39140086297462895,0.38757069533974053
2025-04-22,2025,0.7601376206623373,0.0,0.38711913445366214,0.38800124718159085,0.3860703183380262
2025-04-23,2025,0.802104206023867,0.0,0.3926923218769707,0.3919165039306936,0.3890666752728077
2025-04-24,2025,0.780288356399467,0.0,0.39167306440607585,0.3913848062114056,0.38928217585819286
2025-04-25,2025,0.7789713859159682,0.0,0.3907981158268391,0.39081507223537915,0.3893228792781511
2025-04-26,2025,0.8219650745255244,0.0,0.39887188440120835,0.3968653117435941,0.3936548108750733
2025-04-27,2025,0.8500935113656098,0.0,0.40934183291384696,0.4053197449253573,0.3999331998366197
2025-04-28,2025,0.8661900980647464,0.0,0.41884311936125745,0.413652336157462,0.4065655696757704
2025-04-29,2025,0.8457003838881233,0.0,0.4204459483943791,0.4164116928934419,0.40982249412942867
2025-04-30,2025,0.8556684926471018,0.0,0.4234012675660478,0.41983845892247457,0.4134248445682531
2025-05-01,2025,0.8461865179187044,0.0,0.42327806412336955,0.42081489893353785,0.41535852744647295
2025-05-02,2025,0.8556607129268445,0.0,0.42509898105939065,0.4229195361925032,0.41785289324986286
2025-05-03,2025,0.7993372997254352,0.0,0.41492684858072143,0.4159442702935675,0.41421604457243383
2025-05-04,2025,0.735505142008661,0.0,0.39605713755016503,0.4014867605067964,0.4049233498588132
2025-05-05,2025,0.6719040238326466,0.0,0.37201508729662836,0.3818263359296545,0.3911290822703152
2025-05-06,2025,0.3604350381341306,0.0,0.29529606000480313,0.3213436908708777,0.3489467696296652
2025-05-07,2025,0.4698567674293687,0.0,0.2711489894887556,0.2954190987240197,0.326143092446669
2025-05-08,2025,0.6765797839522708,0.0,0.2980053504837075,0.30828033669965443,0.32857245235256227
2025-05-09,2025,0.6886125994986668,0.0,0.3165257301899579,0.3190881256145581,0.3317192218319165
2025-05-10,2025,0.7631923772877676,0.020306124424809,0.34661513845649006,0.34088646318707716,0.3437252276367908
2025-05-11,2025,0.7877044383848141,0.0363152728501639,0.3727730253208897,0.3622234809162007,0.35738215323293043
2025-05-12,2025,0.8158222555453235,0.0413994777488228,0.39510816185136305,0.38213969663546243,0.37162789591575895
2025-05-13,2025,0.8305311141624973,0.0626817636441718,0.41570747267215163,0.4014797193158241,0.38662360451327404
2025-05-14,2025,0.8527343062140891,0.101292674763857,0.4402298797988802,0.4241398506677688,0.40470158170841386
2025-05-15,2025,0.8768450765232425,0.1792553880654305,0.47535802079706274,0.45531296515573916,0.4293713118255984
2025-05-16,2025,0.8718723891469666,0.0698228974723969,0.47355386980211034,0.45997336860192195,0.4376665781224151
2025-05-17,2025,0.8472323236159228,0.1088230073395842,0.47534338807236765,0.46538965766467144,0.4457387955934828
2025-05-18,2025,0.89320370198611,0.1643676797484059,0.4967203091903237,0.48440846762544737,0.46234817464823785
2025-05-19,2025,0.9109876101629863,0.4046682785179536,0.5611633632503823,0.5364343106399542,0.5014441285866843
2025-05-20,2025,0.9266242087829714,0.3244805125444032,0.5869189622157043,0.5631697256470741,0.5262657750020849
2025-05-21,2025,0.899300386979842,0.7245152904715577,0.6769145128197025,0.6377911595706618,0.583394187746808
2025-05-22,2025,0.9604539560136868,0.6101033036211151,0.7202601596187819,0.6820374006446835,0.6237710761609265
2025-05-23,2025,0.9381256506960288,1.0,0.8197812259104749,0.7681450280556829,0.6928294259983441
2025-05-24,2025,0.9221316107667592,0.1658340917231153,0.7094618760442598,0.7008963750124592,0.6630601110476626
2025-05-25,2025,0.936637496535106,0.4615532389154377,0.7053152727166645,0.7003560728263029,0.6702671623831844
2025-05-26,2025,0.9190942615101996,0.8675817683032334,0.7805243695926852,0.7582506554504269,0.7148813328878908
2025-05-27,2025,0.7841533711497677,0.211799866088293,0.6675052692032233,0.6801684444010079,0.6715003900341187
2025-05-28,2025,0.8344164854857813,0.07150682161048,0.5816878229411862,0.6120064071451448,0.627792642736921
2025-05-29,2025,0.7821352031121054,0.0,0.5054397343871327,0.5457247654684172,0.5804476345007474
2025-05-30,2025,0.7809429194087976,0.0,0.4594524245140391,0.4991487737392117,0.5424523995414777
2025-05-31,2025,0.738872459879578,0.0,0.4234459466843391,0.4602350105993849,0.50784916562114
2025-06-01,2025,0.7254268197220166,0.0,0.3991529319550068,0.43097853037787187,0.4788220144691137
2025-06-02,2025,0.7135003862846233,0.0,0.3821918364299287,0.4087100292072038,0.4544076502037533
2025-06-03,2025,0.7211692800309804,0.0,0.3735489578641533,0.3942724124496897,0.43564304816610067
2025-06-04,2025,0.7598973454843413,0.0634885695633406,0.38880655772802836,0.39949857597193505,0.43085303003764874
2025-06-05,2025,0.8573194886017509,0.0998910446195589,0.424726041281079,0.423230583163551,0.44040347735224994
2025-06-06,2025,0.8668214357602662,0.0971198702018762,0.44762388596107583,0.440852604108807,0.4487169124780142
2025-06-07,2025,0.8469951370555163,0.1081239707675931,0.45959815314126745,0.4518646890496313,0.4544854407647223
2025-06-08,2025,0.8460605960828324,0.2717699277909421,0.49932499665951535,0.483979860915808,0.47537140499915526
2025-06-09,2025,0.832822605322435,0.1777054836798932,0.5017006157961749,0.49036511599141486,0.481349932899557
2025-06-10,2025,0.8341152723345172,0.1704099529633452,0.5019254145372773,0.4939343649886697,0.48553246884943185
2025-06-11,2025,0.8357146564366719,0.187004452413092,0.5056990704923191,0.4991619218195334,0.4906978859645219
2025-06-12,2025,0.8475709790409416,0.2450153654353752,0.5219367111906549,0.5133012969451209,0.5018169432192492
2025-06-13,2025,0.8632330634814465,0.2580496764513556,0.5374185747009533,0.527503318851505,0.5135818285686795
2025-06-14,2025,0.9007649637446222,0.1103989666744836,0.5246839309043931,0.5209269127589194,0.5119818558968542
2025-06-15,2025,0.7960796210832584,0.2051095199836592,0.5150481867560195,0.5148272100912813,0.5097043988241751
2025-06-16,2025,0.7220102923170963,0.0,0.45343097051703096,0.46868059091146136,0.4799645482910497
2025-06-17,2025,0.4837694133184122,0.0,0.368812464973901,0.40064182563578477,0.432348579964681
2025-06-18,2025,0.5448670430946896,0.0,0.33026088760327854,0.36217933440925276,0.4003655682812138
2025-06-19,2025,0.5508921361755061,0.0,0.3083349597970684,0.3361593545128029,0.3753816682425216
2025-06-20,2025,0.5961654973675956,0.0,0.30423407535176017,0.32473637276410133,0.3599218843307769
2025-06-21,2025,0.4981190473668135,0.0,0.2821642546844188,0.302033318039893,0.33774941220130283
2025-06-22,2025,0.5293530583686591,0.0,0.2751691644843831,0.290826281383224,0.3231348355979082
2025-06-23,2025,0.4881263120564049,0.0,0.26272676110191084,0.2767973437767175,0.3073204996839671
2025-06-24,2025,0.6019214213548209,0.0,0.2780203409321107,0.28404635384692534,0.30604854188265573
2025-06-25,2025,0.6077666355823221,0.0412843470521087,0.2966224010861526,0.29619009508801236,0.30974393176956766
2025-06-26,2025,0.6212761386469063,0.0,0.3022286683810729,0.30052448735864457,0.30992275928034474
2025-06-27,2025,0.4612549961048232,0.0,0.2735882002496084,0.2795553905667747,0.2940637070347581
2025-06-28,2025,0.439660339923139,0.0,0.25208498813439284,0.26163782438521316,0.27921699962012037
2025-06-29,2025,0.4422071724013227,0.0,0.23969242736090024,0.24947755292984763,0.26759431693622854
2025-06-30,2025,0.51296888021323,0.0,0.24640923245918614,0.25157961908287785,0.2653723415703058
2026-04-01,2026,0.6405599519432007,0.0,0.12811199038864016,0.09608399279148012,0.06405599519432005
2026-04-02,2026,0.6072719932940024,0.0,0.1983215928919846,0.15834959394813647,0.11197199548485627
2026-04-03,2026,0.4682712397481651,0.0,0.21264720368482376,0.1810854017259203,0.13640472036270151
2026-04-04,2026,0.5431813217357339,0.0,0.23622458655804102,0.2082369794685043,0.1634419084637346
2026-04-05,2026,0.5558074385408877,0.0,0.2528962396430021,0.22913700140908616,0.18633427062507646
2026-04-06,2026,0.5834921337280466,0.0,0.2684361705314106,0.2479197210455673,0.20741662987286583
2026-04-07,2026,0.5162765799406605,0.0,0.26431701830697846,0.25098529172299616,0.21756096189235868
2026-04-08,2026,0.5774730187355438,0.0,0.27408481473129587,0.26231065701642886,0.23179607138744132
2026-04-09,2026,0.6835762010889719,0.0,0.3011661290565719,0.286153890074846,0.25379447721885023
2026-04-10,2026,0.6544432965260075,0.0,0.31158833673914466,0.29847421753129333,0.2684799114276809
2026-04-11,2026,0.7480575465088386,0.0,0.3365645113452545,0.3211405842482311,0.2895896837930286
2026-04-12,2026,0.7786515518565367,0.0,0.35766901717846006,0.3415961417522423,0.3095369022200765
2026-04-13,2026,0.7955849610067885,0.0,0.37371840250843374,0.3584550433775879,0.32718801787674007
2026-04-14,2026,0.7634194205031962,0.0,0.3769149256056995,0.36543144343979095,0.33809235635171164
2026-04-15,2026,0.8007293418537066,0.0,0.386294823734161,0.3759114116859097,0.35054681926674
2026-04-16,2026,0.7873793251362815,0.0,0.38925275926775293,0.381244886950579,0.35917538792702014
2026-04-17,2026,0.7572331759248264,0.0,0.38499829074561703,0.3804563972541293,0.36306362793409874
2026-04-18,2026,0.7803989629617195,0.0,0.3870787670397141,0.3833793225221484,0.3684907986434509
2026-04-19,2026,0.6899150065287767,0.0,0.3702302615295838,0.3718527767448204,0.36378413956763844
2026-04-20,2026,0.7822496313221385,0.0,0.378588083182178,0.3776343884196951,0.3692522747863246
2026-04-21,2026,0.7242423561838177,0.0,0.3720013211460703,0.3729804253213592,0.36782605544744146
2026-04-22,2026,0.7172366913353004,0.0,0.3666481309547023,0.3686718014252465,0.3659845134914832
2026-04-23,2026,0.7761783557234373,0.0,0.37522454971750885,0.37449701435618815,0.37040544636553024
2026-04-24,2026,0.8179760255946383,0.0,0.388729934949433,0.38484431388852747,0.37812195965188805
2026-04-25,2026,0.9042223577284106,0.0039390791686913,0.4148702483490802,0.4056152352565346,0.3933137114112206
2026-04-26,2026,0.9085601538143768,0.0,0.4306341797723235,0.4202146877517307,0.40550698451041417
2026-04-27,2026,0.8606332775702946,0.0,0.430507163377453,0.4232452730617557,0.41046891536536084
2026-04-28,2026,0.8437855445296071,0.0,0.4270614069323932,0.42283952282267007,0.41275368674524937
2026-04-29,2026,0.8178279298832355,0.0,0.41980243013608304,0.4186618554583543,0.41198574238452307
2026-04-30,2026,0.7859474015677185,0.0,0.4090709383951935,0.4109554090560058,0.4081833340643903
2026-05-01,2026,0.8328193285081663,0.0,0.4120064287387494,0.412591685615429,0.4098286001023289
2026-05-02,2026,0.8224531226047015,0.0,0.41169448176418993,0.4121821483215055,0.4101081923423333
2026-05-03,2026,0.773053981391507,0.0,0.40162748533681536,0.4044856010337799,0.40539195201301736
2026-05-04,2026,0.7670389449530721,0.0,0.39438428019270366,0.39819576246660676,0.4010174561057211
2026-05-05,2026,0.7848717321287337,0.0020187364314696,0.39400866182766286,0.3967706040106552,0.3995030117405972
2026-05-06,2026,0.850053420446307,0.0,0.40641588118585914,0.4052474358744047,0.4046077514371085
2026-05-07,2026,0.8831025010897061,0.0,0.42047002892945673,0.4161385802755392,0.4119964512586574
2026-05-08,2026,0.8631890600430385,0.0,0.42491982936628175,0.42077536519933323,0.41591606701122974
2026-05-09,2026,0.8732419669116923,0.0,0.4296002910021075,0.4255290506762871,0.420057050300153
2026-05-10,2026,0.8981628548526224,0.0255901769979265,0.44251078097137425,0.4364332902509833,0.4284209434251773
2026-05-11,2026,0.9397970539320554,0.0625605105837049,0.46597798148597663,0.45585693785305237,0.44297251119171793
2026-05-12,2026,0.9235041914331032,0.2853214221142652,0.5213519116010596,0.5004236985292418,0.4752605703081112
2026-05-13,2026,0.9127119620400824,0.1237338537977503,0.5201003101282023,0.5057634613461442,0.48385303783027217
2026-05-14,2026,0.9070942578278718,0.0757073153603254,0.5086205007145608,0.5014546589205306,0.48536258758303746
2026-05-15,2026,0.8157345835205251,0.0,0.46831921713284147,0.47337844877245017,0.4698635284184825
2026-05-16,2026,0.8593944720252621,0.0,0.4528704246847573,0.46027408494450445,0.46183026993731224
2026-05-17,2026,0.8871109662092895,0.0,0.4491444480527123,0.45525850439254656,0.4581753125707787
2026-05-18,2026,0.8600998377079309,0.0,0.4415066363732135,0.4476959287309722,0.45255023382741605
2026-05-19,2026,0.862738575365484,0.0,0.4374516968970249,0.4427979364165031,0.44831404459848123
2026-05-20,2026,0.865879086346607,0.0,0.43564683540753635,0.43984041844354327,0.4452391443134457
2026-05-21,2026,0.8693865451510652,0.0048997886257589,0.4362453679998866,0.43903124297700385,0.44361994882843897
2026-05-22,2026,0.8999277821970694,0.0725123052638757,0.456235238292121,0.4531878832030445,0.45213996780884563
2026-05-23,2026,0.9057918134295024,0.3395564110760428,0.5228107878763817,0.504033751917963,0.48624679669763105
2026-05-24,2026,0.8879952079702089,0.1329800939297752,0.5178815331058259,0.5059699216275717,0.4910949675481033
2026-05-25,2026,0.8870020151654239,0.095117321307098,0.5071527871579999,0.5014968456101785,0.49108790768573474
2026-05-26,2026,0.8631099134148096,0.0541116748233538,0.48773598994243267,0.4886310301628495,0.48459248497240415
2026-05-27,2026,0.8834224526529969,0.0825999340336059,0.4858460713027801,0.4869450791169851,0.4842762266465836
2026-05-28,2026,0.8743732789738969,0.0887694030333986,0.4841361791831272,0.4853329576829839,0.4837352495179964
2026-05-29,2026,0.8390274226444937,0.079616695840244,0.4742105312068238,0.4775296881507994,0.4788526114628709
2026-05-30,2026,0.8182924323351948,0.0764589949732566,0.46347660418578457,0.4684834958018273,0.47255723190114185
2026-05-31,2026,0.8509970480825337,0.2008811274049886,0.48846159760897523,0.4857201733844075,0.48323360306966573
2026-06-01,2026,0.8592167973168122,0.0263854220564679,0.47019740244004116,0.4728444542750772,0.47514710439306057
2026-06-02,2026,0.809659788294961,0.0886142364373175,0.4617732464104804,0.4657322217023958,0.4699450859876763
2026-06-03,2026,0.905320823391312,0.0943363069831115,0.47699537392117297,0.4759611247478406,0.47592178182758343
2026-06-04,2026,0.849084560211799,0.2654784895446274,0.509109834303989,0.5003572447869523,0.4921937304377094
2026-06-05,2026,0.8285719483091555,0.3416079163208289,0.5395018735083903,0.5257770510453643,0.510772970813166
2026-06-06,2026,0.8763578678505738,0.1126227028516671,0.5214972382454823,0.5163910213370911,0.5075164337207568
2026-06-07,2026,0.8662230811819545,0.1791383038963095,0.5219706199629423,0.5182779226977033,0.5105492854844319
2026-06-08,2026,0.8634447135819466,0.1966196256698413,0.525195239828123,0.5218041967761605,0.5144458623127244
2026-06-09,2026,0.8578789038013015,0.2049886277909134,0.5276906502153168,0.5246930674821446,0.517843443009401
2026-06-10,2026,0.8541784060576421,0.128027658454377,0.5130556030315939,0.5146160569143041,0.5124953608587227
2026-06-11,2026,0.8345342527160327,0.099128009428218,0.49456581424780643,0.5002805791616505,0.5033625149014033
2026-06-12,2026,0.8490662620874388,0.2218736996788765,0.510927480901947,0.5108373996781026,0.5097840080977541
2026-06-13,2026,0.8291561646844487,0.127481103684435,0.497883942214945,0.5010817700300043,0.5034909333150918
2026-06-14,2026,0.788070665477535,0.0571634544436815,0.4677771893132103,0.4775423570091855,0.4873161586441951
2026-06-15,2026,0.7548903874808968,0.1086386652372317,0.45337212413155187,0.46380900781414913,0.47620583218716894
2026-06-16,2026,0.755643712399281,0.2250837741061613,0.46816877178001953,0.47177542844572073,0.4790374144002794
2026-06-17,2026,0.7554978793294879,0.161427328139961,0.46428630456190145,0.46778158103242184,0.4749224522671684
2026-06-18,2026,0.7677326833224033,0.1135625567503218,0.45483083075168584,0.45964139273360405,0.4680674858210072
2026-06-19,2026,0.7713808757460877,0.0,0.42717467360022904,0.437456106275436,0.45159207623141456
2026-06-20,2026,0.8034690775587601,0.0504244534178924,0.42708351035546793,0.4343033040393031,0.4466630140827969
2026-06-21,2026,0.8165426189925494,0.065736754922613,0.43270598099631324,0.43635421891478654,0.4455583486577538
2026-06-22,2026,0.8084384679068152,0.0,0.421311282179151,0.42671372342637287,0.4372905257168846
2026-06-23,2026,0.8132921185227155,0.0459845671488443,0.4246421064418025,0.42759110924919497,0.43576008914066366
2026-06-24,2026,0.79928146920722,0.0386935023516035,0.4223802581768462,0.42501002220826006,0.43240556846841327
2026-06-25,2026,0.7944750357790035,0.1465289781546959,0.4416289576928476,0.43865761763583694,0.44002485616810055
2026-06-26,2026,0.8434167740802867,0.0575624354720766,0.4451732165261812,0.4422072137779403,0.4421178058897168
2026-06-27,2026,0.8679389546479155,0.2991069796575591,0.5005131167768037,0.4846019397903794,0.4703988381423209
2026-06-28,2026,0.8317326916997573,0.2619359602909833,0.5190416004642303,0.5032716556518767,0.4856859357129308
2026-06-29,2026,0.7967674837254192,0.0462242125824421,0.4800232995401104,0.4787389134024929,0.47284791820113076
2026-06-30,2026,0.7217534129365096,0.0,0.43236466231136816,0.4433802513222215,0.4504536758545556
